S.N,A1,A2,A3,B1,B2,B3,C1,C2,C3,D1,D2,D3,E1,E2,E3,F1,F2,F3,G1,G2,G3,H1,H2,H3,IRI
1,0,0,0,0,0,0,0,0.08,0,0,0.1,0,0.23,0,0.45,0,0,0,0,0,0,0,0,0,1.13
2,0,0,0.56,0,0.15,0.15,0.42,0.06,0,0,0.62,0,0.12,0.31,0,0,0,0,0,0.05,0,0,0,0,3.75
3,0,0.66,0,0.32,0,0,0,0,0,0,0.43,0.12,0,0.66,0,0,0,0,0,0,0,0.11,0.66,0,3.48
4,0.25,0,0,0,0.15,0,0,1.1906,0.662,0.021,0.216,0,0,0,0.32,0,0,0,0,0,0,0,0,0,2.85
5,0,0,0,0.55,0,0,0,0,0,0.21,0.55,0.05,0,0.33,0.64,0,0,0,0,0.15,0.66,0,0.66,0,3.94
6,0,0.25,0,0,0,0,0.21,0.8,0.45,0.3,0.66,1.21,0,0,0.12,0,0,0,0,0,0,0.23,0,0,5.83
7,0,0,0,0,0.96,0.12,0,0,0,0,0.55,0,0,0,1.23,0,0.01,0,0,0.08,0,0,0,0.6,4.47
8,0,0,0.32,0.66,0,0.15,0,0.14,0.66,0.66,0.36,0,0,0.32,1.27,0,0,0,0,0,0,0,0,0,4.19
9,0,0.58,0.66,0,0,0,0.66,0.12,0,0.6,0,0,0,0,0.67,0,0,0,0,0,0,0,0,0,4.32
10,1.2,0.13,0,0,0.1,0,0,0,0.262,0.023,0.12,0.23,0.1,0,0.27,0,0.01,0,0,0,0,0,0,0,3.51
11,0,0.55,0,0,0,0,1.308,0.162,0.3976,0.4,0.12,0,0,0,0,0,0,0,0,0,0,0,0,0,2.58
12,0,0,0.28,0,0,0.66,0.515,0,0,0.362,0,0,0.68,0,0.96,0,0.165,0,0,0,0.165,0,0.51,0,3.38
13,0,0,0,0,0,0,0,0.32,0,0.51,0,0.33,0,0,0,0,0.07,0,0,0,0.6456,0.1,0,0,4.22
14,0,0.15,0,0.89,0,0,0.3,0.52,0.2,0,0.52,0.15,0,0.23,0,0,0,0,0,0,0.63,0.11,0.85,0,4.63
15,1.2,0,0,0.23,0,0,0,0,0,0.2,0.12,0,0,0,0,0.04,0,0.02,0,0,0,0,0.22,0.3,4.55
16,0,0,0,0,0,0.32,0,0.11,0.15,0.71,0.031,0.3,0,0.51,0.303,0,0,0,0,0,0,0,0,0,4.18
17,0.52,0,0,0,0,0,0.354,0.26,0.15,0,0.16,0,0,0.6,0.85,0.007,0,0,0,0,0,0,0,0,4.01
18,0,0.211,0,0,0,0.23,0,0.11,0,0,0,1,0,0.75,0,0.66,0,0,0,0.23,0.15,0.56,0,0.6,4.84
19,0,0,0,0,0.23,0.56,0,0.9,0.3,0,0.3,0.91,0,0,0.2,0,0,0,0,0.33,0,0.23,0,0,6.25
20,0,0.24,0,0,0.6,0,0.1,0.25,0.3,0.147,0,0.6,0,0.1,0.09,0.005,0,0,0,0,0,0,0,0.8,6.71
21,0,2.1,0,0,0,0.3,0,0.03202,0,0.6,0.6,0.3,0.12,0.2,0.201,0,0,0,0,0,0.2,0,0,0,5.42
22,0,0.23,0,0,0.51,0.15,0,0,0,0,0,0.23,0,0.07,0.11,0,0,0,1.2,0,0.33,0.23,0.14,0,4.27
23,1.2,0,0.9,0,1.4,0,0,1.1,2.43,0,0.79,0,0,0,0,0,0,0,0,0,0,0,0,0,4.48
24,0,0,0,0,0,0,0.45,1.036,0.22,0.74,0.58,0.345,0,2.6,0,0,0,0,0,0,0,0,0,0,3.07
25,0,0.3,0,0.15,0,0,0.6,0.3,0.12,0,0,0,0,0,0.14,0,0,0,0,0,0.001,0,0,0,2.34
26,0,0.32,0,0,0,0,0.05,0,0,0,1.24,0,0,1.46,0,0,0,0,0,0,0,0,0,0,3.15
27,0,0.3,0,0.15,0,0,0.6,0.3,0.12,0,0,0,0,0,0.14,0,0,0,0,0,0.001,0,0,0,2.35
28,1.23,0,0,0,0,0,0.13,0,0.11,0.12,0,0.62,0,0.145,0.22,0,0,0,0,0,0,0,0,0,6.2
29,0,0,0.32,0,0,0.2,0,0,0,0.12,0,0.23,0,0,0,0.09,0.02,0.02,0.11,0.23,0,0.11,0.12,0,6.9
30,0,0,0.23,0,0,0.66,0.12,0.6,0.19,0,0,1.17,0,0.06,0,0.01,0,0,0,0.3,0,0,0,0,7.77
31,0.98,0,0,0,0.53,0,0,0,0,0.12,0.212,0,0.26,0.89,0,0,0,0.06,0,0.15,0.56,0,0.65,0,7.22
32,0,0,1.2,0,0,0,0.33,0.6,0.321,0.051,0,0,0,0,0,0,0,0.08,0,0,0.15,0,0,0,8.41
33,0,0,1.2,0,0,0,0,0,0,0,0,0.2,0,0.78,0.11,0,0.2,0,0,0,0.33,0,0,0.32,8.77
34,0.11,0,0.95,0,0.62,0.33,1.366,0.6,0,0,1.166,0.126,0.32,0,1.08,0,0.01,0.12,0,0.05,0.15,0,0.2,0.2,9.22
35,0,0,0,0.66,0,0,0.56,0.5,1.26,0,0.48,0,0,0,0.08,0,0,0,0,0,0,0,0,0,2.4
36,0,1.11,0,0.11,0.12,0,0,0,0,0,0.2,0.23,0,0.55,0.77,0.04,0.09,0,0,0,0.22,0.15,0,0,8.12
37,0,0,1.01,0.23,0,0.32,1,0,0,0.2015,0.5,1.12,0,0,0,0,0,0,0,0,0,0,0,0,3.5
38,0,0.66,0,0.12,0,0,0,0,0.6,0.6,0,0.1,0.66,0,0,0,0,0.2,0,0.11,0,0,0.15,0,11.21
39,1.2,0,0.3,0,0,0,0,0.6,0.85,0.78,0.25,1.02,0,0,0.3,0,0,0.23,0,0,0,0.01,0.3,0,12.52
40,0,0,0,0.15,0,0,0,0,0,0.66,0.66,0,0,0,0.11,0,0,0,0,0,0,0,0.28,0,2.31
41,0,0,0,0,0,0.4,0.15,0.459,0.63,0,0.63,0.15,0,0,0,0,0,0,0,0,0.15,0.33,0,0,2.05
42,0,0,0,0,0.6,0,0,0.015,0.0321,0,0.26,0,0,0,0,0,0,0,0,0,0,0,0,0,2.12
43,0.05,0,0,0,0.08,0,0,0,0.756,0.68,0,0.23,0,0.23,0,0,0,0,0,0,0,0,0,0,1.9
44,0,0,0,0.2,0,0.09,0,0,0,0,0,0,0,0,0,0.01,0,0,0.3,0,0,0,0.2,0,1.52
45,0,0.65,0,0,0,0,1,0.6,0.645,0.2,0.5,0,0.66,0.23,0,0,0,0,0,0.99,0.19,0,0,0.5,6.05
46,0,0.3,0,0.6,0,0.4,0,0,0.6,0,0,0.2,0,0,0,0,0.12,0,0,0,0,0,0,0.08,6.01
47,0,0,0,0,0,0,0,0.63,1.38,0.126,0,0,0,0,0.25,0,0.1,0,0,0.33,0,0,0,0,5.85
48,0.1,0,0.06,0,0,1.56,0,0.2,0.14,0,0,0,0,0,0,0,0,0.04,0,0,0,0,1.4,0,6.35
49,0,0,0,0,0,0,0.23,1.32,1.83,0.25,0,2.22,0,0.11,0,0,0,0,0,0,0,0,1.2,0,6.5
50,0,0,0.5,0,1.4,2.4,0.056,1.42,0.15,0.23,0,0,0,0.718,0,0.05,0.02,0,0,0,0,0.78,0,0,6.45
51,0,0,0.8,0,0.4,0.7,0,1.49,0.23,0,0.3,0.16,0,0,0,0,0,0,0,0,0.08,0,0.15,0,6.7
52,0,0.8,0,0,0,0,0,1,1.79,0,0,1.85,0,0,0,0,0.02,0,0,0.48,0,0,0,0,6.15
53,0.11,0,0,0,0.96,0.512,0.6,0.6,0,0,0.76,0.6,0,1.2,0,0,0,0,0,0,0.99,0.85,0,1.56,7.15
54,0,0.8,0,0.75,2.91,0,0,0.13,0,0.74,0,0,0,0.73,0,0,0,0.6,0,0,0.26,0,0,0.33,7.62
55,0,0,0,0.555,0,0,0.45,0,0.95,0,0,0,0.56,0,0.45,0,0.22,0,0,0,0,0,0,0,7.65
56,0,2.4,0,0,1.2,0,1.5,0,0,0,0,0,0.1,0,0.1,0,0.01,0.05,0,0,0,0,0,0,7.56
57,0,0,1.2,0,0,0,0,0.5,0.6,1.8,0,0,0,0.4,0,0,0,0,0,0,0.6,0,2.6,0,7.93
58,0,0,0,0,0,0,0,0.56,0.58,0,0.65,0.12,0,0,1.2,0.15,0,0,0,0,..45,0,1.25,0,7.61
59,0,1.45,0,0,0,0,0,2.35,0,0,0,0,0.32,0,0,0,0,1.01,0,0,0,0,0,1.55,8.86
60,0,0,0,0,0,0.48,1,0.15,0.8,0.15,0,0.44,0,0.33,1.5,0,0,0.08,0,0.3,0,0.47,0,0,8.24
61,0,0,0.63,0,2.6,0,0.89,0,0,0,0.85,0.717,0,0.15,0,0,0,0.06,0.15,0.22,0,0,0.66,0,11.53
62,0,0,1.6,0,0,0,0,0,2.8,0,0,0.4,0,0,0,0,0,0,0,0,2,0,0,0,8.93
63,0,0.6,0,0,0,1.5,0,0,1.12,0,0,0.23,0,0,0,0,0.09,0,0,0,0,0,0,0,6.64
64,0,0,0.9,0,0,0,0,0,0.7,0,0,0,0,1.35,0,0.6,0,0.06,0.66,0,0.23,0.55,0,0,10.27
65,0,1.65,0,0,0,0.26,0,0.26,0.22,0.43,0,0.15,0,0.6,0,0.01,0,0.3,0,0,0,0,0,0,12.5
66,0,0.52,0,0,0.15,0,0.74,0.6,0.56,0.816,2.28,0,0,0.99,0,0.09,0,0.11,0.3,0,0.74,0,0,0.66,9.15
67,0.04,0,1.05,1,0,0,0.33,0,0,0,0,0.45,0.455,0.23,0,0,0,0.1,0,0,0,0,2.3,0,9.05
68,0,1.2,1.3,0,1,0.05,0.65,0,0.23,0.51,0,0,0,0,0.45,0,0.33,0,0,0,0.32,0,0.65,0,9.97
69,0,0.9,0,0,0,0,0.95,0,12.5,0.15,2.6,0.15,0,1.22,0,0,0.15,0,0,0.15,0,0,0,0,9.15
70,0,0,2.48,0,0,2.42,0,1.36,0,0.72,0.52,0,0,1.28,0,0,0.62,0,0,0,0,0,2.48,0,9.99
71,0,0,0,0,0,0,2.06,0,0,0,0,0,0,0,0,0,0,0,0,0,0,0,0,0,0.89
72,0,0,0,0,0,0,0,0,0,0,0,0,0,0.15,0,0,0,0,0,0,0,0,0,0.12,1.2
73,0,0,1.26,0,0,0,0.15,0,0.37,0.5,0.15,0,0,0,0,0,0.23,0,0.36,0,0.25,0,0,0.78,7.1
74,0.45,0,0,0,0,0,0,0,0,0.32,0.62,0.556,0,0.23,0,0.31,0,0,0,0,0,0,0.45,0,7.23
75,0.04,0,0,0.6,0,0,3.01,0.48,0.6,0.12,0,0.37,0,0.23,0.17,0.4,0,0,0,0,0,0,0,0,6.98
76,0,0.8,0,0,0.62,0,0.8,0,0.33,0,0.3,0.15,0,0,0,0,0,0,0,0.15,0.56,0,0,0.5,6.88
77,0,0,0,0,0,0,1.23,0.36,0,0,0.1,0,0,0,0,0,0.02,0.7,0,0,0,0,0,0.44,16.25
78,0.3,0,0,0,0,1.23,0.5,0,0.9,0,0,0,0,0,0,0,0,0.6,0,0,0,0,0,0,14.15
79,0,1.2,0,0,1.1,2.1,0,0.315,0,0,0.22,0.95,0.89,0,0,0,0.05,0,0,0.95,0,0,0,0,7.25
80,0,0,0,0,0.85,0.15,0.6,0,0.765,0.656,0.6,0.15,0,0,0.36,0,0.08,0,0,0,0.96,0,0.6,0,7.15
81,0,0,0,0,0,0,0.27,0.55,0.6,0.215,0.71,0,0,0,3.75,0,0.07,0,0,0.55,0,0,0.18,0,5.46
82,0.3,0,0,0,0,0,0,0.23,0.69,0,0.3,0.15,0,0,0,0.1,0.02,0.01,0,0,0,0,0,0,6.38
83,0,1.23,0.1,0,0.33,0,0.68,0,0,0,0,0,0,0,0,0.12,0,0.02,0,0,0,0,0,0.55,6.11
84,0,0,0.96,0,0,4.56,0.54,2.2,0,0.78,0,0,0,0,0,0,0.15,0,0,0,0,0,0,0,7.99
85,0,0,0,0,0,0,1.2,0,0.9,0.36,0.4,0,0,0,0,0,0.2,0,0.36,0,0,0.15,0,0.6,7.22
86,0,0,0,0,0.18,0,0.64,0,0,0,0.145,0,0,0,0,0,0,0,0,0,0,0,0,0,2.48
87,0,1.11,0,0,0,0,0,0,0.66,0.75,0.15,0.3,0,0,0,0,0,0,0,0.45,0.05,0,0,0,6.12
88,1.842,0,1.28,0,1.28,0,0,0,0,0,0,0,0,0.68,0,0,0,0,0,0,0.82,0,2.42,0,6.25
89,2.5,0,0,0,0,0,0.5,0,3.2,0,1.5,0,0,0.45,0,0,0,0,0,0,0,0,0,0,6.31
90,0,0,0.8,0,0.4,0.7,0,1.49,0.23,0,0.3,0.16,0,0,0,0,0,0,0,0,0.08,0,0.15,0,6.55
91,0,0,0,0,0,0,0.25,0.54,1.15,0.9,0.26,0,0,0.6,0,0.3,0,0,0.66,0,0,0.11,0,0,5.18
92,0,0.8,0,0,0,0,0,1,1.79,0,0,1.85,0,0,0,0,0.02,0,0,0.48,0,0,0,0,5.82
93,0,0,0,0,0,0,0.45,0,0.11,0,0.15,0.14,0,0,0,0,0,0.07,0,0,0,0,0,0.15,6.12
94,0.9,0,2.1,0,0,2.1,0.12,0.5,1.96,0.17,0.11,0,0,0,0,0,0,0,0,0,0.52,0,0,0,7.28
95,0,1.2,0,0,0.99,0,0.36,0,0.81,0.59,0,0.355,0,0,0,0,0,0,0,0,0.6,0,0,0.66,9.15
96,0,0,0.6,0,0,0,0,0,1.36,0,1.16,1.35,0,0,1.5,0,0,0,0,0,0.23,0,0,0,9.18
97,1.2,0.2,0,0,1.2,0,0,0.5,0.25,0.78,0,0.45,0,0,0,1.2,0.05,0,0,0,0,0,0.2,0.3,10.95
98,0,0,0,0.8,0,0,0.6,1.2,0.8,0.92,0.6,0,0,0,0,0,0,0.24,0,0,0,0,0,0,12.22
99,0,0.9,1.2,0,0,0.2,0,0,0.15,0,0,0.12,0,0,0,0,0.15,0,0,0,0,0,0.52,1.3,10.22
100,0,0,0.45,0,0,0,0.3,0,0.6,0,0.68,0,0,1.23,0,0,0,0.26,0,0,0,0,0,0.96,12.23
101,0,1.56,0,1.65,0,0,1.5,0.4,0.2,0,0,0,0,0,0.15,0,0,0.15,0,0,0,0,0,0,9.25
102,0,2.45,0.85,0,0,0,0.665,0.6,0.145,0,0,0,0,0.11,0,0,0.15,0,0,0,0,0,0,0,9.65
103,0,0.11,0,0,0.66,0,0,0.32,1.3,0,0,0,0.14,0,0,0,0.05,0,0,0,0,0,0,0,9.15
104,0,0.8,0,0,0.5,0,0,1.2,0,0.56,0,0.99,0,0,0.65,0.18,0,0,0,0.12,0,0,0,0,8.15
105,0,1.2,0,0,0,0,0,0.15,2,0,0.45,0.56,0,0,1.8,0.3,0,0,0,0,0,0,1.26,0,8.47
106,0,1.9,0,0,2.6,0,0,0,0,0,0.15,0.74,0,0,1.45,0,0,0,0,0,0.48,0,0,0,7.15
107,0,0,0,0,0,0,0.8,1.11,0,0,0,0,0,0,0,0.23,0,0.05,0,0,0,0,0,0.25,7.8
108,0,7.65,0,0,0,0,0,4.32,2.99,0,0.43,0,0,1.22,0,0,0.25,0,0,0,0,0,2.97,0,7.56
109,0,0,0,0,0,0,0.22,1.2,0.12,0,0,0,0,0,0,0.13,0,0.05,0,0,0,0.25,0,0,6.52
110,0,0,0,0,0,0.45,0.6,0,0,0,0,0,0,0,0,0,0.25,0,0,0,0,0,0,0,7.9
111,0,0,0.4,0,0.7,0.9,0,0,0,0,0.23,0,0.15,0,0,0.6,0,0,0,0,0,0,0,0,6.15
112,0,0,0,0,0,0,0.21,0,0,0,0,0,0.454,0,0,0,0,0,0,0,0,0,0,0,0.56
113,0,0,0.262,0,0,0.54,0.62,0.66,0.4,0.51,0.6,0,0,0,0,0,0,0.08,0,0,0,0.451,0,0,8.15
114,0,0.65,0,0,0.6,0,0,0,1.8,0.21654,0.23,0.6,0,1.5,0,0,0,0,0,0,0.23,0,0,0,8.05
115,0,0,0,0,2.1,0,0,1.3,0,0,0.03,1.3,0,0,0,0,0,0,0,0.15,0,0.15,0,0,8.35
116,0,0.15,0.5,0,0,0,0,0.62,1.3,0.9,0.74,0,0,0.65,0,0.3,0,0,0,0,0,0,0,0,8.4
117,0,0,0,2.1,0,0,1.1,1.1,2.3,0,0,1,0,1.2,0,0,0,0,0,0,0,0,0,0,8.42
118,0,0.56,0,0,1.2,0,0.21,0.23,0.53,0,0.33,0,0,0,0,0,0,0,0,0,0,0,0,0,2.93
119,0,1.2,0,0,0,0,0.26,0,0.12,0,0,0,0.151,0,0,0,0,0,0,0,0,0,0,0,3.4
120,0,0,0,0,0,0,0.291,0,0.17,0.1232,0.515,0.7,0,0,0,0,0,0,0,0,0.015,0,0,0,3.51
121,0,0,0,0,0,0,0.47,0,0.12,0,0,0,0,0,0,0,0.04,0,0,0,0,0,0,0,3.04
122,0,0,0,1.23,0,0.23,0,0.15,0,0.2,0.21,0.351,0,0.255,0.565,0,0,0,0,0,0.008,0,0,0,2.59
123,0,0,0.23,0,0,0,0.031,0.12,0.15,0,0,0.32,0.3,0,0,0,0,0,0,0,0,0,0,0,2.89
124,0,0,0,0,0.18,0,0.64,0,0,0,0.145,0,0,0,0,0,0,0,0,0,0,0,0,0,2.53
125,0,0.55,0,0,0,0,0,0,0.15,0,0,0.151,0,0,0,0,0,0,0,0,0,0,0,0,2.65
126,0,0.12,0,0,0,0,0.03,0.2,0,0,0,0,0,0,0,0.12,0,0,0,0.005,0,0,0,0,3.11
127,0,0,0.23,0,0,0,0,0,0.23,0.1,0.15,0.13,0,0,0,0,0,0,0,0,0,0,0.04,0,3.05
128,0,0,0.32,0,0,0,0.242,0,0.432,0.155,0.12,0.15,0.12,0,0,0.02,0,0,0,0,0,0,0,0,3.29
129,0,0,0,0,0,0.11,0,0,0.25,0.15,0.19,0.123,0,0,0,0,0,0,0,0,0,0,0,0,3.96
130,0,0,0.3,0,0,0,0,0,0.342,0.12,0.1,0.11,0,0.11,0,0,0,0,0,0,0,0,0,0,3.22
131,0,0,0.1,0,0,0,0.321,0.21,0.23,0,0,0,0,0,0,0,0,0,0,0,0,0,0.137,0.11,2.64
132,0,0,0.14,0,0,0,0.43,0,0.12,0.1551,0.772,0.3,0,0,0,0,0,0,0,0,0,0.1,0,0,4.9
133,0,0,0.3,0,0,0,0.18,0.3301,0.93,0,0.032,0,0,0,0.12,0.09,0,0,0,0.05,0,0.33,0,0.01,5.1
134,0,0,0.85,0,0,0.23,0.443,0,0.24,0,0,0,0,0,0.515,0,0,0,0,0,0,0,0,0,5.2
135,0,0,0.52,0,0,0,0,0,0,0.405,0,0.2,0.145,0,0,0.008,0,0,0,0,0,0,0.04,0,5.18
136,0,0,0.4,0,0,0.15,0.41,0,0.23,0.23,0.2,0.012,0,0,0.52,0.123,0,0,0,0,0,0,0.009,0,5.78
137,0,0,0.14,0,0,0.23,0,0,0.35,0,0.11,0.4,0,0,0.12,0,0,0,0,0,0,0,0,0,6.08
138,0,0,0.3,0,0,0,0,0,0.71,0,0,0,0.1233,0,0,0,0.009,0,0,0,0,0.008,0,0,6.38
139,0,0,0,0,0.11,0,0.132,0,0.24,0,0.16,0.12,0,0,0.123,0.33,0,0.01,0,0,0.2,0.123,0,0,7.27
140,0,0,0,0,0,0.11,0,0,0,0.12,0,0,0,0,0,0,0,0,0,0,0,0,0,0,0.85
141,0,0,0,0,0,0.15,0,0,0,0,0,0,0.322,0,0,0,0,0,0,0,0,0,0,0,1.05
142,0,0,0,0,0,0,0,0,0.125,0,0,0.15,0,0,0,0,0,0,0,0,0,0,0,0,1.08
143,0,0,0,0,0.32,0,0,0,0,0,0.36,0,0,0,0,0,0,0,0,0,0,0,0,0.054,0.81
144,0,0,0,0,0,0.12,0,0,0.23,0,0.12,0.41,0.12,0,0,0,0,0,0,0,0,0,0,0,0.78
145,0,0,0,0,0,0.15,0.252,0,0,0,0.32,0,0.12,0,0,0,0,0,0,0,0,0,0,0.12,1.56
146,0,0.15,0,0,0,0,0,0,0.22,0,0,0.151,0,0,0,0,0,0,0,0,0,0,0,0,1.65
147,0,0,0.02,0,0,0,0.12,0,0.12,0,0.11,0,0,0,0,0,0,0,0,0,0,0,0,0,1.62
148,0,0,0,0,0,0.33,0,0,0.1,0,0.15,0,0,0,0,0,0,0,0,0,0,0,0,0,1.68
149,0,0,0,0,0.32,0,0,0.18,0.12,0.482,0.2,0,0,0,0,0,0,0,0,0,0,0,0,0,1.66
150,0,0.22,0,0,0,0,0.1,0.21,0,0.44,0.21,0,0,0,0,0,0,0,0,0,0,0,0,0,1.85
151,0,0,0,0,0,0,0.17,0.23,0.21,0,0.23,0,0,0,0.1,0,0,0,0,0,0,0.02,0,0,1.86
152,0,0,0,0,0,0.23,0.4031,0,0,0,0,0.133,0,0,0,0,0,0,0,0,0,0,0,0,1.94
153,0,0,0,0,0,0,0.41,0,0.12,0,0,0,0.151,0,0.56,0,0,0,0,0,0,0,0,0,1.77
154,0,0,0,0,0,0.11,0,0,0,0,0,0,0.12,0,0,0,0,0,0,0,0.2,0,0,0,2.3
155,0,0,0.12,0,0,0,0,0,0.25,0,0,0,0,0,0,0,0,0,0,0,0.01,0,0,0,2.15
156,0,0,0,0,0,0.23,0.934,0,0.132,0,0,0,0,0,0.2152,0,0,0,0,0,0,0,0,0,2.18
157,0,0.1,0,0,0,0,0,1.23,0,0,0,0,0,0,0.01,0,0,0,0,0,0,0,0.32,0,2.12
158,0,0,0,0,0,0,0,0,0,0,0,0,0,0,0,0,0,0,0,0,0,0,0,0,0.88
159,0,0,0,0,0,0.87,0,0.55,0,0,0.5,0,0,0,0.41,0,0.22,0,0,0,0,0,0,0,2.97
160,0,0,0,0,0,0,0,0.37,0,0,0,0,0,0,0,0,0,0.2,0,0,0,0,1.57,0,3.87
161,0,1.47,0,0,0,0,0,0.12,0,0,0,0,1.7,0,0,0,0,0.09,0,0,0,2.22,0,1.25,5.47
162,0,2.24,0,0,0.23,0,0,0.04,0,0,0,0,0,0.38,0,0,0.09,0,0,0,0,0,0,0,4.53
163,0,1.52,0,0,0.74,0,0,0,0,0.21,0,0,0,0,0,0,0,0,0,0,0,0,2.54,0,4.83
164,0.58,0.68,0.204,0,2.4,0,1.7,0.312,0,0.18,0.412,0,0,0.81,0,0,0,0,0.82,0,0.84,0,3.2,0.8,6.9
165,0,0.07,0,0.65,1.04,0,0,0.14,0,0,0,0,0.28,0,0,0,0.09,0,0,0,0.04,0,0,0.32,5.44
166,0,0.04,0,0,1,0,0,0.13,0,0,0,0,0,0,0,0,0.03,0,0,0,0.11,0,0,0.45,4.51
167,1.22,0.62,0,0,0,0.82,0,1.22,0.42,0,0,0,0,1.22,0,0,0,0,0,0,0,0,0.92,0.2,5.02
168,0,0,0.82,0,0.52,0,0,0,1,0.68,0,3.2,0,0,0,0,0,0,0,0,0,0,0,0.4,7.25
169,1.62,1.22,0,0,0,0,0,0.64,0.62,0,0,0,0,0,0,0,0,0,0,0,0,1.2,1.2,0,4.78
170,0,2.48,0,0,1.2,0,1.32,2.42,0,0.8,1.72,0,0,0,2.84,0,0,0,0,1.22,0,0,0,0,5.14
171,0,1.88,0,0,0,0,0,2.77,0,0,0,0,0,0,0,0,0,0.34,0.6,0,0,0,0,0,6.04
172,0,0,0,0,0,0,0,3.35,0,0.45,0,0,0,0,0,0,0,0.52,0,0,0,0,0,0,6.08
173,0,0.92,0,0,1.72,0.92,0,0.42,0,0,0.408,0,1.22,0,0.52,0,0.4,0,0,1.62,0,0,0.6,0,6.93
174,0,0,0.42,0,0,2.42,0,0.86,1.21,0,1.33,0,2.4,0,0.42,0,0,0,0,0,0.42,0,0,3.08,7.79
175,0,0.88,0,0,0,0.96,0,1.206,3.36,0,0.46,0,0,0.88,0,0,0,0,0,0.9,0,0,1.4,0.18,7.15
176,0.42,0,0,0.6,4.32,0,0,2.128,0,0,0.212,0,0,1.28,0.96,0,0,0,0.56,0,0,0,3.08,0.6,6.45
177,0,1,0,0,0,0,0.6,0.45,0,1.5,2.6,0,0,0,0,0,0,0,0,0,0,0,0,0,5.08
178,0,0,0.84,0,0,0,2.4,0,0,0,0,0,0,0,0,0,0,0,0,0,0,0,0.6,2.8,5.99
179,0,0.92,1.78,0,1.2,0,0,2.4,0,0,0,0,0,0,0,0,0,0,0,0,0,0,0.72,0,6.15
180,0,1.05,0,0,0,0,0,0.32,0,0,0,0,0,0,0,0,0,0,0,0.32,0,0,0,0,2.82
181,0,1.2,0,0,0,2.6,0,0.8,0,0.6,0,0,0,0,0,0,0,0,0,0,0,0,1.5,0,4.73
182,0,0,0,0,0,0,0,0,0.78,0.81,0,0,0,0,0,0,0,0,0,0,0,0,0.15,0,1.53
183,0,0,0,0,2.1,0,0.9,1.05,0,0,0,0.65,0,0,0,0,0,0,0,0.26,0,0,0,0,1.25
184,0,0,0,0,0,0,0,0.98,0,0,0.9,0,0,0.15,0,0.156,0,0,0,0,0,0,0,0,3.77
185,0,0,1.2,0,0.65,0,1.43,0,0,0,0,0,0,0,0,0,0,0,0,0.23,0,0,0,0.65,4.69
186,0,0,0,0,0,0,0.5,0.12,0.23,0,0,0.12,0.36,0,0,0,0,0,0,0.6,0,0,0,0,3.89
187,0,0.66,0.36,0,1.23,0,0.6,0,0.15,0.3,0.1,0,0,0,0.2,0,0,0,0,0.5,0,0,0,0,5.23
188,0,0,0.6,0,0.23,1.05,0.53,0.47,0.38,0.3,0.01,0.11,0,0,0,0.08,0,0,0,0.15,0.04,0,0.25,0.5,5.13
189,0,0,0,0,1.23,0.98,0.6,0.9,0.33,0.32,0,0.1,0.25,0,0,0,0,0,0,0,0,0,0.23,0.5,3.9
190,0,0,0,0,0,0,0,0,0.33,0.2,0,0,0,0,0,0.01,0,0.01,0,0,0.14,0,0,0,3.34
191,0,0,0,0,0,0,0,0.23,0.15,0,0,0.2,0,0,0,0,0,0,0,0,0,0,0,0,2.31
192,0,0,0,1.25,0.2,0.45,0,0.2,0.3,0,0,0,0,0.15,0.15,0,0,0,0,0,0,0,0,0,2.27
193,0.6,0,0,0,0,0,0.69,0.6,0,0,0.75,0,0,0,0.8,0,0,0,0,0,0,0,0,0,2.87
194,0,0,0,0,1.2,0,0.6,0,0.56,0,1.13,0,0,0,0,0,0,0,0,0,0,0,0,0,2.89
195,0,0,0.26,0,0,0,0,0,0,1.23,0,0,0,0.6,0,0,0,0,0,0.12,0.455,0.12,0,0,3.91
196,0,0,0.26,0,0,0,0,1.46,0.9,0.1,0.3,0.26,0,0,0.69,0,0.03,0,0.3,0.3,0,0,0,0.45,6.01
197,0.23,0,0.26,0,0,0.5,1.5,1.6,0,0.15,0.63,0.123,0,0,0,0,0,0,0,0,0,0,0,0,5.03
198,0,0,0,0,0,0,0,0,2.14,0.7,0,0.12,1.23,0,1.22,0.66,0,0,0,0,0,0.66,0,0,4.98
199,0,0,0,0,0.85,0.15,0.653,0.33,0.74,0.32,0.96,0.72,0,0,0.66,0,0,0,0,0,0.6,0,0,0,4.98
200,0,0,0.5,0,0,0,0.36,0,0.6,0.36,0.85,0,0,0,0,0,0,0,0,0.3,0,0,0.6,0,4.25
201,0,0,0.15,0,0.05,0,0.4,0,0,0,0,0,0,0.4,0,0,0,0,0.6,0.45,0,1.33,0,0,2.39
202,0,0.26,0,0,0,0,0,0.7,0.606,0,0.482,0.06,0,0,0,0,0.09,0,0,0,0,0,0,0,6
203,0.22,0.51,0,0,0,0,0.15,1.665,0.066,0.056,0.11,0.22,0,0.3,0,0,0,0,0,0,0,0.17,0,0,3.98
204,0.56,0,0,0,0,0.632,0.145,0,0,0,0,0.06,0,0,1.58,0,0,0,0,0,0,0.32,0.47,0,2.46
205,0,0,0,0,0.15,0,0.165,0.12,0.5,0,0,0.4,0,0.33,0,0,0,0,0,0,0,0,0,0,3.05
206,0,0,0.99,0,0.5,0,0.56,0.5,0.74,0.32,0,0,0,0,0.45,0,0,0,0.48,0,0,0.6,0,0,4.94
207,0,0,0.56,0,0,0.05,0.85,0.71,0.765,0.1,0,0,0,0.66,0.44,0,0,0,0,0,0,1.25,0,0,4.19
208,0,0,0,0,0,0.23,0.22,0.5,0,0,0.22,0,0,0.03,0,0,0,0,0.5,0,0,0,0,0,2.3
209,0,0,0,0,0,0,0,0.25,0.65,0.23,0.26,0,0,0,0.78,0,0.02,0,0,0,0.15,0,0,0,3.59
210,0,0.06,0,0,0,0,0,0,0,0.1,0.426,0.21,0,0.31,0.88,0,0,0,0,0,0.32,0.6,0,0,3.47
211,0,0,0,0,0,0,0.52,0,0,0,0,0,0,0,0,0.05,0,0,0,0,0,0,0,0,2.35
212,0,0,0,0,0.26,0,0,0,0,0,0,0.23,0,0,0,0,0,0,0,0,0,0,0,0,1.54
213,0.5,0,0,0,0.26,2.3,0.23,0,0.23,0.43,0,0,0,0,0,0,0,0,0,0.2,0,0,0,0,2.17
214,0.5,0,0,0.12,1.23,0,0.12,1.22,0.12,0.12,0.122,0.45,0,0,0,0,0,0,0,0.35,0.01,0,0,0,3.01
215,2.4,0,0,0,0,0,0,1.5,0,0,0,0,0,0,0,0,0,0,0,0,0.26,0.45,0,0.26,4.06
216,0,0,0,0,0,0,1.16,1.22,0.772,0,0.3,0,0.155,0.15,0,0,0,0,0.2,0,0,0,0.778,0,2.39
217,0.5,0,0,0.12,1.23,0,0.12,1.22,0.12,0.12,0.122,0.45,0,0,0,0,0,0,0,0.35,0.01,0,0,0,2.85
218,0,0,1.05,0,0.15,0.56,0,0.23,0,0,0,0,0.1,0.1,0,0,0.03,0,0,0,0,0,0.33,0,5.38
219,0,0,0.6,0,0.62,0,0.756,1.23,0,0,0,0.11,0.15,0,0.15,0,0,0,0,0.23,0.15,0.23,0,0,4.42
220,0,0,0,0,0,1.03,0,0.24,0.16,0,0,0.82,0,1.2,0,0,0.02,0,0,0,0,0,0,0,3.88
221,0,1.5,0,0,0,0,0,2.1,0.15,0,0,0.14,0,0,0,0,0,0,0,0,0,0,0,0,5.32
222,0,0,2.12,0,0,0,1.4,2.3,0,0.65,0,0,0,0,0,0,0,0,0,0,0.6,0,0,0,6.95
223,0,2.1,0,0,0,0,0,0,0,0.15,0.25,0.45,0,0,1.1,0,0,0,0,0.15,0,0,0,0,6.11
224,0,0,0.9,0,0.6,0,0,1,0.53,0.51,0,0.15,0,0,1.3,0,0,0,0,0,0,0,0,0,6.11
225,0.4,0.6,0,0,0.4,0,0.177,1.1,0.15,0,0.23,0.8165,0,0,0.6,0.23,0.01,0,0,0.21,0,0,0,0,6.11
226,0,0,0,0,0,0,0.65,1.21,0,0,1.46,0.66,0,0,0,0,0,0,0,0,0,0,0,0.15,5.95
227,0.6,0.04,0,0,0,0,0,0.12,0,0,0.12,0.19,0,0.2,0,0,0,0,0,0,0,0,0,0.5,4.38
228,0,0,0,0,0,0,0,0.66,0,0,0.8,0,0,0,0,0,0,0,0,0,0,0,0,0,3.15
229,0,0.65,0.1,0,1.22,0,0,0,0,0,0.2,0.2,0,0,0,0,0,0,0,0,0.01,0.26,0,0,3.19
230,0,0,0,0,0,0,0.4,0,3.15,0,0.9,0,0,1.1,0,0,0.06,0,0,0,0,0,0,0,4.52
231,0,0.6,0,0,0,0,1.25,1.2,0.89,0,0.66,0.5,0,0.32,0,0,0.06,0,0,0,0,0,0.15,0,5.46
232,0,2.5,0,0,0.8,0.5,0.12,0.6,0,0,0.06,0.104,0,0,0,0,0,0,0,0.156,0,0,0,0,4.5
233,0.6,0,0,1.3,0,0,0.256,0,1.13,0,0.22,0,0,0.6,0,0,0,0,0.2,0.79,0.15,0,0,0.15,3.07
234,0,0,0,0.56,0,0,0,0,0,0,0,0,0,0,0,0,0,0,0,0,0,0,0,0,0.8
235,0.9,0,0.3,0,0,0.7,0,0.42,0.45,0,0.55,0,0,0,0,0,0,0,0,0,0.65,0,0,0,4.89
236,0,0,0,0,0,1.9,0.15,0.8,0,0.78,0.66,0,0,0,0.15,0,0,0,0.12,0,0,0,0,0,2.07
237,0.6,0,0,0,0,0,0,0,1.5,0,0,0,0.25,0,0,0,0.01,0,0,0,0,0,0,0,1.76
238,0,0,0,0,0,0,0,0,0,0,0,0.26,0,0,0,0,0,0,0,0,0.65,0,0,0,4.69
239,0,0,0,0,0,0,0.6,0.23,0.6,0,0.76,0,0,0.2,0,0.04,0,0,0,0,0,0,0,0,2.86
240,0,0,0,0,0,0,0,0,0,0,0.01,0.13,0,0,0,0.98,0,0,0,0.156,0.48,0,0,0,4.99
241,0,0.9,0,0,0,0,1.1,1.6,0.81,0,0.366,0,0,0,0,0.12,0,0,0,0,0,0.12,0,0.6,5.91
242,0,0.63,0,0,0.0356,0,0,0,0,0.31,0.7255,0.2,0,2.6,0.75,0,0,0,0,0.33,0,0,0,0,4.68
243,0,1.5,0,0,0.5,0,0.4,2.26,2.77,0,0,0,0,0.33,0,0,0.01,0,0,0,0,0.26,0.46,0,5.26
244,0,0,0,0,0,0.45,0.45,0.14,0,0,0.25,0.2,0,0.9,0.55,0.01,0,0,0,0,0,0,0,0,4.94
245,0,0,1.4,0,0,1.5,0,0,0,0.15,0,0,0,0,0,0,0,0,0,0,0,0,1.3,0,4.82
246,0,2.4,0,2,0,0,0,0,0.6,0,0,1.55,0,4.2,0,0,0,0,0,0,0,0,0,0,7.07
247,0,0,0,0,0,0.545,0.516,0.9,0.55,0,0,0.56,0,2.336,0.7,0,0,0,0.33,0,0.17,0,0,0,5.34
248,0,0,0,0,0.65,0,0.3,0.26,0.22,0.3,0.56,0.45,0,0.4,0,0,0,0,0,0.87,0,0,1.25,0,5.61
249,0,0,0,0,0,0,1,1.2,1.27,0,0.35,0.31,0,0,0,0.01,0.08,0,0,0,0,0,1.5,0,6.48
250,0,0,0,0,0,0,0,0,0.48,0,0,0.5,0,0,0,0,0.13,0,0,0,0,0,0,0.5,5.16
251,0,0,0,0,0,0,0,0,0.78,0,0,0.12,0,0,0.81,0.065,0,0,0,0,0.05,0.9,0.4,0.56,6.14
252,1.5,0,0.5,0,0.6,0,0,0.23,0,0.12,0.32,1.19,0,0,0.45,0,0,0,0,0.13,0,0,0.62,0,5.48
253,0,0,0.5,0.15,0,0,0.66,0,0,0,0,0,0,0.5,0,0.1,0,0.03,0,0,0,0,0,0,5.18
254,0,0,0,0.66,0,0,1.23,0.25,0.7,0,1.01,0,0,0,0,0,0.12,0,0.12,0,0,0,0,0,5.39
255,0,0,0.65,0,0,0,0.23,1.44,0.56,0,0.37,0.62,0,0.96,0.6,0,0,0,0,0,0,0,0.645,0,6.57
256,0,0.6,0,1.22,0.15,0,0,0.6,0,0,0.1,0.63,0,0,0,0,0,0,0.22,0,0,0,0.455,0,6.29
257,0,0,0,0,0,0,0,0,0,0.69,0.8,0.7,0,0.564,0,0,0,0,0,0,0,0,0,0,1.65
258,0,0,0.85,0,0,0,0,0.56,0,0,0,0,0,0,0.66,0,0,0,0.23,0,0.66,0,0,0,5.09
259,0,0.25,0,0.96,0,0,0,0.16,0,0.3733,0,0,0,0,0.12,0,0,0,0,0,0,0,0.85,0,2.99
260,0,0,0,0.41,0,0,0,0.6256,0.561,0,0,0.16,0,0,0.26,0,0,0,0,0,0,0,0,0,2.91
261,0,0,0,0.52,0,0,0.42,0,0,0,0.6,0,0.15,0,0.33,0,0.05,0,0,0,0,0.15,0,0,3.28
262,0,0,0,0,0.45,0,0,0.33,0,0.23,0.583,0.1,0,0.23,0.48,0,0,0,0,0.23,0,0,0,0,2.81
263,0,0,0,0,0,0.85,0,1.241,0,0,0,0.731,0,0.63,0,0,0,0,0,0,0,0,0,0,2.83
264,0,0,0.3,0,0,0,0,0,0,0,0,0,0,0,0,0,0,0,0,0,0,0,0,0,3.01
265,0,0,0,0,0.15,0,0.056,0.36,0.33,0,0.36,0,0.15,0,0,0,0,0,0,0,0,0,0,0,2.66
266,0,0,0,0,0,0,1.01,0,0.15,0.81,0.33,0,0,0,0.25,0,0,0,0,0,0,0,0,0,2.38
267,0,0,0,0,0,0.4,0,0.62,0.26,0,0.15,0.15,0,0,0,0,0,0,0,0,0,0,0,0,1.79
268,0,0.41,0,0,0,0,1.17,0,0.3,0,1.387,0,0,0.15,0,0,0,0,0,0,0,0,0,0,3.51
269,0,0,0.52,0,0.15,0,0,0,0,0,0,0,0,0.15,0.32,0,0,0,0,0,0,0,0,0,2.78
270,0,0,0,0,0,0,0,0.1251,0.66,0,0.36,0,0,0.67,0,0,0,0,0,0,0,0,0,0,2.77
271,0,0,0,0.5,0.6,0.18,0,0,0.6,0,0.6521,0,0,0,0.63,0,0,0,0,0,0,0,0,0,2.75
272,0,0,0,0,0.25,0.36,0.15,1.18,0,0.15,0,0,0.233,0.18,0.11,0,0,0,0,0,0,0,0,0,2.59
273,0,0,0,0.15,0.63,0.21,0.15,0,0,0,0.1,0,0,0,0.33,0,0,0,0,0,0,0,0,0,1.25
274,0,0.36,0,0,0,0,0,1.2956,0.89,0,0.15,0,0,0.11,0.15,0.01,0,0,0,0.3,0,0,0,0,3.84
275,0,0,0,0,0,0.36,0,0,1.47,0,0.11,0,0.63,0,0,0.05,0,0,0.05,0,0,0,0,0,3.85
276,0,0,0.33,0.15,0,0.23,0.63,0,0.62,0.32,0,0.57,0,0,0,0,0,0,0,0.01,0,0,0,0,4.5
277,0.9,0.6,0,0,0,0,0.41,1.51,0,0,0.652,0.3,0.32,0,0.12,0,0,0,0,0,0.01,0,0,0,4.7
278,0,0,0.15,0,0,0.36,0.51,0,0.3,0.32,0,0.15,0.32,0.48,0,0,0.01,0,0,0.3,0,0.015,0.15,0,4.66
279,0,0,0.18,0,0.15,0,0,0,0,0.15,0.33,0.15,0,0,0.36,0,0,0,0,0,0,0,0.15,0,4.6
280,0,0.23,0.36,0,0,0,0,0.5,0,0.36,0.8,0,0,0,0,0,0,0,0,0,0,0.8,0,0,5.84
281,0,0,0.12,0,0,0,0.85,0.23,0,0,0.38,0.62,0,0,0,0,0.04,0,0,0,0,0,0,0,5.81
282,0,0,0,0,0.63,0,0.52,0,0,0.415,0,0,0,0,0,0,0,0.054,0,0,0,0,0,0,6.65
283,0,0,0,0,0,0.18,0.55,0,0.23,0,0,0.75,0,0,0.55,0,0,0,0,0,0,0,0,0,7.22
284,0,0.52,0,0,1.24,0,0.6,0.23,0.23,0,0.15,0,0,0.12,0.22,0.01,0.02,0,0,0.23,0,0.41,0,0,2.84
285,0.12,0,0.25,0,0,0,0.55,0.23,0.32,0.34,0,0,0,0,2.12,0,0,0,0,0,0,0,0,0,3.12
286,0,0.45,0,1.23,0,0,0.64,1.13,0,0,0,0.23,0,0,0.78,0,0,0,0.15,0.23,0,0,0,0,2.55
287,0,0.36,0,0,0.52,0,0.89,0,0.26,0.12,0.43,0.23,0,0.18,0.25,0,0,0.01,0,0.35,0,0,0,0,4.85
288,0,0.15,0,0,0,0.55,0.1,0.32,0.32,0.6,0.47,0,0,0.12,0.76,0,0,0,0,0,0,0,0,0,3.02
289,0,0,0.18,0,0.12,0,0.32,0.23,0.12,0.43,0.11,0.48,0.15,0.32,0.23,0,0.01,0.02,0,0,0,0,0.15,0,4.59
290,0,0.23,0,0,0.25,0,0.84,1.04,0,0,0,0,0,0,0.15,0,0,0,0,0,0.66,0,0,0,4.88
291,0.15,0,0.32,0.25,0,0,0.32,0.75,0,0,0.22,0.11,0.12,0.15,0.82,0,0,0,0,0,0.15,0,0,0,4.45
292,0,0.75,0,0,2.3,1.21,0.44,0.735,0,0.411,0,0,0,0,0,0,0,0,0,0.11,0,0,0.15,0,4.65
293,0.21,0,0.23,0,0,0,0.54,0.25,0.44,0.11,0.78,0,0,0.58,0.99,0,0,0,0,0.14,0,0.11,0,0,5.12
294,0,0.23,0,0.562,0.65,0.26,0.213,0.32,0.21,0.41,0,0.413,0,0.21,0,0,0,0.01,0,0.11,0.3,0,0.11,0.213,5.55
295,0.12,0.15,0.31,0,0,0,0,0.23,0.8,0.11,0.46,0.64,0,0,0.92,0,0,0,0.18,0,0,0.15,0,0,4.15
296,0,0,0,0,0.145,0.262,0.2,0.35,0.92,0,0,0.533,0,0.23,0.213,0,0,0.02,0,0,0,0,0,0,5.99
297,0.51,0,0.15,0.15,0,0,0,0,0,0,0.26,0.65,0,0,0.32,0,0,0,0,0,0,0,0,0,5.48
298,0,0.3,0,0,0.54,0,0,0,0.2,0.3,0,0.11,0.13,0.23,0,0,0,0,0,0,0,0.1,0,0,2.44
299,0,0.6,0,0,0,1.1,0.2,0,0.945,0,0.11,0,0.11,0,0,0,0,0,0,0,0,0,0,0,2.85
300,0,0,0.562,1.21,0.156,0,0.3,0.844,0,0,0,0.12,0,0,0.33,0,0,0,0,0,0,0,0,0,4.88
301,0.15,0,0,0,0,0,0.1,0.11,0,0,0,0.32,0,0.23,0.3,0,0,0,0,0,0,0,0,0,4.56
302,0,0,0.62,0,1.23,1.32,0.11,0,0.23,0,0.43,0.21,0,0.15,0.35,0,0.01,0,0,0,0.15,0,0,0,4.98
303,0,0,0.6,1.2,0,0,0.385,0,0.52,0,0.45,0,0,0,0,0,0,0,0,0,0,0,0,0,2.85
304,0.56,0.15,0.11,0,0.32,0,0.25,0.44,0.23,0,0.42,0.12,0.13,0,0.44,0,0,0,0,0,0,0,0,0,4.56
305,0,0,0,0,0,0.41,0.23,0,0,0.15,0.23,0.44,0.23,0.12,0.11,0,0,0,0,0,0,0,0,0,6.15
306,0,0,0.62,0.65,1.21,0,0,0.26,0,0.21,0.32,0.23,0,0.3,0,0,0,0,0,0.01,0,0,0,0,7.65
307,0.56,0.15,0,0,0,0.45,0.614,0,0,0.11,0.4,0.2,0,0,0.132,0,0,0,0,0,0,0.2,0,0,3.5
308,0,0,0,0,0.15,0,0.29,0.23,0.55,0,0.23,0,0,0,0.67,0,0,0,0,0,0,0,0,0,1.08
309,0,0,0.3,0.85,0.52,0,0,0.33,0,0.15,0.33,0,0,0,0,0,0,0,0,0.15,0,0,0,0,2.63
310,0.41,0.66,0.6,0,0.15,0.65,0.11,0.232,0.15,0.32,0,0.3,0.32,0.12,0.15,0,0,0,0,0,0,0,0,0,4.58
311,0,0.62,0,0,1.21,0,0,0.443,0.626,0,0.11,0,0,0.32,0.266,0,0,0,0,0,0,0,0,0,2.39
312,0,0,0,0.62,0,0,0,0,0,0,0,0,0,0,0,0,0,0,0,0,0,0,0,0,0.58
313,0.15,0,0.3,0,0,1.65,0.75,0,0.45,0,0,0.5,0.12,0.32,0,0,0,0,0,0,0,0,0,0,2.65
314,0,0.15,0,0,0.6,0,0.216,0.15,0.91,0,0.36,0.2656,0,0,0,0,0,0,0,0,0,0.02,0,0,1.54
315,0,0,0.03,0.15,0.62,0,0,0.55,0.75,0.25,0,0.651,0,0,1.25,0,0,0,0,0,0,0,0,0,2.68
316,0,0.51,0,0,0,0.356,1.11,0,0,0,0.25,0.25,0,0.03,0,0,0,0,0,0,0,0,0,0,4.55
317,0.32,0.25,0,0,0.62,0.652,0,0.14,0.14,0,0.58,0.626,0,0,0,0,0,0,0,0,0,0,0,0,1.45
318,0.5,0.21,0.31,0.6251,0,0.44,0.876,0,0.11,0,0.15,0.252,0,0,0,0,0,0,0,0,0,0.35,0,0,2.15
319,0,0.125,0,0,0,0,0,0,0,0,0,0.018,0,0,0,0,0,0,0,0,0,0,0,0,1.14
320,0,0,0.2,0,0.45,0,0,0.35,0,0.12,0.224,0.05,0,0.75,1.63,0,0.085,0,0,0,0,0,0.2,0,4.87
321,0,0,0,0,0,0.41,0.32,0.15,0,0.15,0.26,0.66,0,0,0,0,0,0,0,0,0,0,0,0,2.66
322,0,0.133,0.3,0.74,0,0,0,0.25,0,0,0,0,0,0,0,0,0,0,0,0,0,0,0,0,2.84
323,0,0,0,0.3,0.54,0,0,0.22,0,0,0,0,0.25,0,0.45,0,0.055,0,0,0,0,0,0,0,2.48
324,0,0.52,0,0,0,0,0,0.3,0,0,0,0,0,0,0,0,0,0,0,0,0,0.11,0.12,0,2.9
325,0,0.13,0.6,0,0,0,0.32,0.11,0.15,0.22,0.36,0,0,0,0.11,0.01,0,0,0.11,0.2,0,0,0,0,5.48
326,0,0,0,0.32,0.11,0,0,0,0.66,0.11,0.32,0,0,0,0,0,0.01,0.03,0,0.01,0,0.12,0,0,6.25
327,0,0,0,0,0,0,0.15,0.5,0,0,0.3,0.1,0,0.32,0,0.02,0.021,0,0,0,0.15,0.13,0.32,0,5.14
328,0,0.15,0,0,0,0,0.27,0.58,0,0,0,0,0,0.12,0,0,0,0.01,0,0.01,0,0,0,0.52,3.14
329,0,0,0,0,0,0,0,0.45,0.46,0,0,0,0,0,0,0,0,0,0,0.04,0,0,0,0,2
330,0,0,0,0,0,0,0.3,0,0,0,0,0,0,0,0,0,0,0,0,0.11,0.6,0.015,0.15,0,2.52
331,0,0.74,0.11,0,0,0,0.685,1.11,0,0.15,0.44,0.25,0,1.261,0.37,0,0.001,0.005,0,0,0,0,0,0,5.69
332,0,0,0,0,0.15,0,0.15,0.55,0,0.23,0.32,0,0,0.32,0,0.01,0,0,0,0,0.22,0,0,0,2.17
333,0,0,0.32,0,0,0,0,0.32,1.11,0.14,0.15,0,0,0.11,1.31,0,0,0,0,0,0,0.62,0,0.62,4.63
334,0,0.6,0.32,0,0,0,0,0.28,1.23,0,0.62,0.11,0,0,0,0,0,0.06,0,0.11,0,0,0,0,7.98
335,0,0,0,0,0.65,0,0.22,0,0,0,0.372,0.35,0,0.826,1.84,0,0.05,0.005,0,0,0,0,0.66,0,6.56
336,0,0,0,0,0,0,1.18,0.65,0.55,0,0.62,0,1.25,0,0.23,0.3,0,0.008,0,0,0,0,0,0,6.98
337,0,0.77,0,0,0,0,0.11,1.7,1.37,1.06,0.78,0.12,0.615,0.15,0.15,0,0,0,0,0.52,0,0.616,0,0.15,6.41
338,0,0,0.221,0,1.52,0,0.52,0.32,0,0,0.12,0,0,0.62,0,0,0,0,0,0,0,0,0,0,2.85
339,0,0,0,0,0,0,0.66,0.25,0.55,0.15,0.25,0.65,0,0.302,1.76,0,0,0,0,0,0.21,0,0.55,0,6
340,0,0.62,0,0,0,0,0.2,0.55,0.15,0,0.3,0.25,0.62,0.82,0.15,0.06,0,0.008,0,0,0,0,0,0.16,4.65
341,0,0,0.12,0,0.55,0,0.15,1.8,0.51,0,1.27,0,0,0.36,0,0,0,0,0,0.566,0,0.62,0,0,4.33
342,0,0,0.12,0,0,0,1.22,0,0.15,0,0.6,0,0,0,2.451,0,0.02,0,0,0,0,0,0.51,0.15,4.85
343,0,0,0,0,0,0,0.6,0.15,0.52,0,0.63,0.65,0,0.51,0,0,0,0,0,0,0.12,0,0,0,4.14
344,0,0,0,0,1.55,0,0.36,2,0,0.415,0.84,0,0.52,0.25,0.15,0.05,0.01,0,0,0.66,0,0,0,0,4.11
345,0,0.626,0.22,0,0,0,0,0,0,0,0,0.63,0,0.84,0.51,0,0,0,0,0,0,0,0,0,4
346,0,0,0,0,0,0,0,0.18,0.23,0,0.11,0.15,0.626,0.48,0,0,0,0,0,0,0,0,0,0,2.68
347,0,0,0.2,0,0.5,0,0,0,0.14,0.15,0.88,0.11,0,0.99,1.21,0,0.05,0,0,0.61,0,0,0,0,5.15
348,0,0,0,0,0,0,0.15,1.22,0.48,0.15,0.65,0.65,0,0,0.14,0,0,0,0,0,0,0,0,0,5.98
349,0,0,0.25,0,0.22,0,0,0,0,0,0.48,0.15,0.6,0,0.4,0,0,0.15,0,0,0,0,0,0,8.66
350,0,0.6,0,0,0,0,0.15,0.15,0.83,0,0,0.25,0,0.55,1.09,0,0.32,0.15,0,0.165,0,0,0,0,12.65
351,0,0,0,0.15,0.66,0,0,0.63,0.52,0,0.56,0.621,0,0,1.01,0,0.15,0,0,0,0,0,0,0,6.99
352,0,0,0,0,0,0,0,0,0.15,0.11,0.6,0.74,0,0.15,0.55,0,0.22,0,0,0,0,0,0,0,7.48
353,0,0,0.55,0,1.2,0,0,0.52,0.66,0,0,0.51,0,0,0.45,0,0.05,0.05,0,0,0,0,0,0,9.52
354,0,0.56,0,0,0,0,0.32,0.76,0.31,0,0.47,0.25,0,0,0.45,0,0,0.041,0,0,0,0,0,0,5.68
355,0,0,0,0,0,0,0,0.25,0,0,0,0,0,0.55,1.441,0,0,0.01,0,0,0,0,0,0,3.56
356,0,0.48,0,0,0,0,0,0.22,0.15,0,0,1.2,0,0,0.32,0,0,0,0,0,0,0,0,0,6.58
357,0,0.6,0,0,0.62,0,0.33,0.95,0.582,0.63,0,0.63,0,0.15,0,0,0,0.23,0,0,0,0,0,0,6.12
358,0,0.262,0,0,0,0,0,0,1.32,0,0.15,0,0,0,0.94,0,0,0,0,0,0,0,0,0,3.22
359,0,0,0.12,0,0,0,0,0.26,0.26,0,0.62,0.69,0.32,0,0,0,0,0.051,0,0,0,0,0,0,8.78
360,0,0,0,0,0.62,0,0,1.17,0.55,0,0,0.15,0.15,0,0.51,0.15,0.23,0.085,0,0,0,0,0,0,11.2
361,0,0,0,0,0,0,0.15,1.203,0,0.33,0.176,0,0.5,0,0,0.15,0,0.051,0,0,0,0,0,0,9.65
362,0,0.25,0.32,0,0.623,0,0,0,0,0.25,0.22,0.66,0,0.51,0.74,0,0.021,0.1,0,0,0,0,0,0,9.85
363,0,0,0,0,0,0,0,0.156,0.15,0,0.85,0.36,0,0,1.12,0.05,0,0,0.36,0,0.51,0,0,0,4.58
364,0,0,0,0.25,0,0,1.43,0.78,0.15,0,0,0.63,0.15,0.51,0,0,0,0.23,0,0,0,0,0,0,6.85
365,0.36,0.15,0,0,0,0,0.88,1.5103,0.15,0.25,0.921,0,0,0.3,0.66,0,0,0.012,0,0.63,0,0.623,0,0,4.88
366,0,0,0.15,0,0,0.66,0,0,0.05,0.15,0.63,0,0,0,0.85,0.05,0,0,0.66,0,0,0,0,0.35,6.55
367,0,0,0,0,0,0,0.412,0.26,0.11,0.66,0,0.1,0,0,1.37,0,0,0.032,0,0.2,0,0,0,0,5.88
368,0.15,0.25,0.15,0,0,0,1.07,0.55,1.22,0,0.336,0,0,0,0.12,0,0.52,0,0.25,0,0.215,0,0,0.65,9.65
369,0,0,0,0.32,0,0,0,0,0,0,0.865,0,0,0.15,0.62,0,0.51,0,0,0,0,0,0,0,7.48
370,0,0.32,0,0,0,0,0.11,0.7,0,0,0,0,0,0,0.552,0,0.15,0.051,0,0,0,0.15,0.652,0,8.55
371,0.25,0,0,0,0,0,0,0,0.8,1.8326,0,0.7,0,0,0.6,0.15,0,0,0,0,0,0,0,0.15,7.14
372,0,0,0.25,0,0.66,0,0.566,0.62,0.15,0,0.55,0,0,0.54,0,0,0,0,0,0.515,0,0,0.15,0,4.85
373,0,0.74,0,0,0,0,0,0.4,0.65,0.125,0.66,0,0,0,0.6,0,0,0.05,0,0,0,0,0,0,7.12
374,0.15,0.25,0,0,0,0.15,0,0,0,0.77,0.51,0,0,0,0,0,0,0,0,0,0,0,0,0,3.65
375,0,0,0.25,0,0,0.55,0,0,0,0,0,0,0,0.15,0,0,0,0,0,0,0,0,0,0,1.55
376,0,0,0,0,0.36,0,0,0,0,0.26,0.17,0.6,0,0,0.52,0,0,0,0,0,0,0,0,0,3.52
377,0.52,0.52,0,0,0.65,0.85,0,0.32,0.16,0.32,0,0,0,0.51,0,0,0,0,0,0,0,0,0,0,4.22
378,0,0.52,0,0,0,0,0,0,0.32,0.52,0,0.15,0,0.085,0.52,0,0,0,0,0,0,0,0,0,2.2
379,0.61,0,0,0,0,0,0,0,0.46,0.26,0.35,0,0,0.63,0,0.01,0.1,0.04,0,0,0,0,0.32,0,7.25
380,0,0,0.6,0,0,1.65,0,0.15,0.526,0.32,0.063,0,0,0,0.5215,0,0,0,0,0,0,0,0,0,4.15
381,0,0,0,0,0,0,0,0.65,0.7,0.15,0,0.5,0,0,0,0,0,0,0,0,0,0,0,0,4.28
382,0,0.11,0,0,0,0,0.24,0,0.612,0.56,0,0,0,0,0,0,0.06,0,0,0,0,0,0,0,4.65
383,0.55,0.63,0,0,0.15,1.65,0.88,0,0,0.51,0.36,0,0,0,0,0,0.05,0,0,0,0,0.32,0,0,4.02
384,0,0,0,0,0,0,0,0.84,0,0,0,0.66,0,0,0,0,0,0,0,0,0,0,0.085,0,2.99
385,0,0,0,0,0.65,0,0.12,0.3026,0.1,0,0.85,0.25,0,0,0,0,0,0.01,0,0,0,0,0.552,0,3.25
386,0,0.33,0,0,0,2.44,0.562,0,0.33,0.25,0.31,0,0,0,0,0,0,0,0,0,0,0,0,0,2.65
387,0.15,0.36,0,0.32,0,2.51,0,0,0,0,0.15,0,0,0,0,0,0,0,0,0,0,0.15,0,0,2.01
388,0,0,0,0,0,0,0.12,0.51,0,0,0,0,0,0.32,0,0,0.01,0,0,0,0,0,0,0,1.08
389,0,0,0.66,0.15,0.11,0,0,0.5,0.72,0,0,0,0.32,0,0.11,0,0,0.06,0,0,0,0,0,0,5.65
390,0,0.5,0,0,0,0.61,0.15,0.433,0.15,0.36,0.96,1.19,0,0,0.15,0,0,0,0,0,0,0,0,0,4.98
391,0,0,0,0,0,0,0.52,0.25,0.15,0,0.15,0,0,0,0.22,0,0,0,0,0,0,0.52,0,0,1.02
392,0.52,0,0,0.65,0.55,0,0.52,0.515,1.03,0.6,0.33,0.32,0,0.48,0,0,0.001,0,0,0,0,0,0,0,3.05
393,0,0.55,0,0,0.15,0.6,0,0.85,0.55,0.32,0.9,0.215,0.15,0,0.15,0,0.05,0,0,0,0,0,0,0,5.25
394,0,0.55,0,0.55,0.62,0,0.35,0.23,0.22,0.51,0.23,0.15,0,0,0.55,0,0,0,0,0,0,0.03,0.32,0.26,3.66
395,0,0,0.5,0.51,0.51,0,1.2,1.611,0.156,0,0.4,1.3,0.51,0,0.22,0,0,0.006,0,0,0,0.11,0,0,5.65
396,0.61,0,0,0,0,0,0.6,1.34,1.43,0.4,0,0,0.51,0.51,0,0,0,0.08,0,0,0,0,0,0,6.88
397,0,0.88,0,0,0,0.61,0.26,0.222,2.05,0.85,0,0,0.78,0,0.32,0.01,0,0.02,0,0,0,0,0,0,4.88
398,0,0.145,0,0,0,0,0.15,0.41,1.44,0.15,0.52,0,0.55,0,1.7151,0,0,0.01,0,0,0,0,0.15,0,5.12
399,0,0,0.15,0,0,0,0.22,0.61,0.98,0.1,0,0.65,0.17,0,0,0,0,0,0,0,0,0,0,0,5.23
400,0.015,0,0,0,0,0.148,0.62,0.56,1.92,0,0.15,0.15,0.45,0.33,0.15,0,0,0.08,0,0,0,0,0,0,7.25
401,0,0,0,0,0,0,0.66,1.1612,0.85,0.82,0,0.52,0,0,0,0,0.12,0,0.32,0,0,0.3,0,0.5,5.74
402,0,0,0,0,0.51,0.65,0,1.11,0.651,0.164,0,0,0,0,0,0,0.11,0.15,0.15,0,0,0,0,0.158,8.55
403,0.15,0,0,0,0.15,0.15,0,0,0.621,0.513,0.62,0,0,0.51,1.026,0,0,0,0,0.32,0,0,0,0,3.45
404,0,0.55,0,0,0.63,0.5,0,0,0,0,0.5,0.1,0,0,0,0,0,0,0,0.15,0,0,0,0,3.15
405,0,0.52,0,0,0.62,0,0,0,0,0,0.6,0.18,0,0,0.26,0,0,0,0,0.55,0,0.15,0.516,0.15,4.95
406,0,0,0.15,0,0,0,0.762,0.15,0,0.63,0,0,0,0,1.086,0,0.04,0.02,0.32,0.15,0,0,0,0,6.22
407,0.633,0.53,0.3,0,0.11,0.51,0.62,0,0,0,0,0,0,0.11,0.63,0,0,0,0.216,0,0,0,0,0,6.85
408,0,0,0,0,0,0,0,0.765,0.63,0,0.84,0,0,0,0.63,0,0,0,0.51,0,0.36,0,0,0,6.15
409,0,0,0.63,0,0,0,0.32,0.975,0.26,0,0.63,0,0,0.5,1.25,0,0,0,0.66,0,0.15,0.52,0,0,6.44
410,0,0,0,0,0.15,0,0.872,0,0.941,0,0.12,1.061,0,0,0.85,0.23,0.51,0,0,0.51,0.565,0,0.612,0,9.69
411,0.1,0.6,0.5,0,0,0,0.5,0.78,1.21,0.5,0.62,0.05,0.41,0,1.85,0.1,0,0.06,0,0.51,0,0,0,0,9.33
412,0,0,0,0,0,0,0,0.66,0.87,0,0.51,0,0,0,1.73,0,0.1,0,0,0,0,0.52,0,0,4.23
413,0,0,0,0,0.51,0,0.25,1.2551,0.75,0,0,0,0,0.51,0,0,0,0,0,0.33,0,0,0.16,0,3.23
414,0,0,0.52,0,0,0,0.11,0.93,0.85,0.3,0.32,0.52,0,0,0,0.14,0,0,0.32,0.15,0,0,0.16,0,4.25
415,0.15,0,0,0,0,0,0.62,0,0.846,0,0,0,0,0.11,0.5621,0.15,0,0,0.32,0.515,0.55,0,0.062,0,4.25
416,0.51,0,0,0,0,0,0,0.95,0.15,0,0.5,0.1,0,0.15,0.18,0,0,0.156,0.055,0.2,0,0,0.15,0,7.66
417,0.062,0,0.23,0,0,0,0,0.265,0.15,0,0,0,0,0,0,0.05,0.01,0,0.85,0,0,0,0,0,2.56
418,0.52,0,0,0,0,0.52,0.666,0,0.51,0.15,0.32,0,0,0,0.62,0,0,0,0,0,0,0,0,0,2.65
419,0,0.3,0,0,0,0,0.12,0.22,1.81,0,0,0,0,0.15,0,0,0,0.05,0,0,0,0,0,0,4.89
420,0.11,0.1,0,0,0,0,0.51,0.81,1.69,0,0.35,0.61,0.11,0.33,0,0,0,0,0,0,0.51,0,0,0,8.66
421,0,0,0.51,0,0,0,0.85,0.32,2.54,0.12,0.3,0,0.15,0,0.615,0.01,0.08,0.1,0,0,0,0,0,0,8.69
422,0,0,0.5,0,0,0,0,0.66,0.78,0,0.12,0,0,0.145,0,0,0,0,0,0,0,0,0,0.644,5.32
423,0,0.15,0.3,0,0.85,0,0.52,0,1.92,0,0.541,0.18,0,0.52,1.21,0,0,0,0.52,0.05,0.52,0,0,0,6.58
424,0.015,0,0.32,0,0,0,0.81,0,1.17,0,0,0.15,0,0.55,0.74,0,0.08,0,0,0,0.02,0,0,0,5.65
425,0,0,0.2,0,0,0.51,0.2,1.232,1.4,0,0,0.5,0,0.5665,0.1,0.01,0,0,0,0,0.5,0,0,0.656,6.85
426,0.12,0,0.15,0,0,0,0.37,0.44,2.01,0,0.55,0.562,0.36,0.78,0.85,0,0,0,0.15,0,0.63,0,0,0,5.45
427,0,0,0.2,0,0,0,0.495,0,1.26,0,0.51,0.145,0,0.4566,0.45,0,0,0.02,0,0.33,0.621,0,0,0.61,7.62
428,0,0.33,0,0,0.1,0,0,1.95,1.391,0.32,0.514,0,0,0,0.77,0.08,0,0,0,0,0.15,0,0,0,5.44
429,0.22,0.5,0,0,0,0,1.81,2.0415,0.48,0,0.7,0,0.51,0,0,0.15,0,0,0.33,0,0,0,0,0,5.55
430,0,0,0,0,0,0,0.32,2.041,1.18,0,1.02,0,0,0,0,0,0,0.064,0,0.15,0,0,0,0,7.11
431,0,0,0,0,0,0.77,0,2.64,0,0.52,0.51,0,0,0,1.36,0.15,0,0,0,0,0.51,0,0,0,6.58
432,0.15,0.155,0,0,0.6,0,1.3,1.16,0.36,0,0,0,0,0,0.47,0,0,0,0,0,0.52,0,0,0,5.25
433,0,0,0,0,0,0,0.51,1.031,1.27,0.45,0,0,0.62,0,0.25,0,0,0,0.01,0.05,0.5,0,0,0,5.63
434,0,0.52,0,0,0,0,0,0,0.51,0,0.85,0,0,0.45,0.63,0,0,0,0.045,0,0.51,0,0,0,5.12
435,0.63,0.5,0,0,0,0,0.85,0.84,0.99,0,0.1625,0,0,0.585,0.711,0,0,0,0,0.11,0.015,0,0,0,5.45
436,0,0,0,0,0,0,1.765,0,1.82,0,0.15,0,0.15,0.956,0,0,0,0,0,0,0,0,0,0,3.56
437,0,0,0,0,0,0,0.552,0,1.35,0.65,0.55,0,0,0.345,0,0,0,0,0,0,0,0,0,0,4.22
438,0,0,0,0,0,0,0.78,0.62,1.35,0,0.84,0,0.51,0,0.21,0.62,0,0,0,0.003,0,0,0,0,7.58
439,0,0,0,0,0,0,1.015,0,0.78,0,0.74,0,0,0,0,0,0,0,0,0,0.015,0,0,0,2.33
440,0,0,0,0,0,0,1.23,0,0.85,0.855,1.02,0,0,0,0,0,0,0.001,0,0,0,0,0,0,2.01
441,0,0,0,0.15,0,0,1.73,0.51,1.48,0,0.45,0,0,0,0,0,0,0,0,0,0,0,0,0,2.25
442,0,0.24,0,0,0,0,0.11,0.63,0.15,0.11,0.65,0,0,0.12,0.11,0,0,0,0,0,0,0,0,0,2.65
443,0.11,0,0,0,0,0,0.3,0.32,0,0,0,0,0.2,0,0.23,0,0.007,0,0,0,0,0,0,0,2.41
444,0,0.15,0,0,0.32,0,0.26,0.15,0,0.1,0.2,0,0,0.33,0.32,0,0,0,0,0,0,0,0,0,2.33
445,0,0,0,0,0,0,0,0,0.32,0.15,0.1,0,0,0,0,0,0,0,0,0,0,0,0,0,2
446,0,0,0,0,0,0.63,0.32,0.1,0.32,0,0.32,0,0,0,0,0,0,0,0.04,0,0.15,0,0,0,1.85
447,0,0,0,0,0,0,0,0.29,0.11,0.32,0,0,0.32,0,0.3,0,0,0,0,0,0,0,0,0,1.62
448,0.032,0,0,0,0,0,0.21,0.33,0.14,0,0,0.4,0,0,0,0,0,0,0,0,0,0,0,0,2.08
449,0,0,0,0,0.15,0,0,0.1,0,0,0.41,0.1,0,0,0.15,0.01,0,0,0,0,0,0,0,0,2.66
450,0,0.11,0,0,0,0.1,0,0,0,0,0,0,0,0.1,0.32,0,0,0.002,0,0,0,0,0,0,2.32
451,0.15,0,0,0,0,0.25,0,0,0,0,0.17,0,0,0,0.12,0,0,0,0.32,0,0,0,0,0,2.15
452,0,0,0,0,0,0,0.25,0.52,0.1,0,0.11,0,0,0.1,0,0,0,0,0,0,0,0.01,0.05,0,2.01
453,0,0,0,0.45,0,0.15,0,0,0,0,0,0,0,0,0,0,0,0,0,0,0.52,0,0,0,2.88
454,0,0,0,0,1.21,0,0,0.42,0.07,0,0,0.156,0.015,0.32,0,0,0,0,0,0,0,0,0,0,2.6
455,0,0.1,0,0,0,0,0,0.41,0,0,0.61,0,0,0,0,0.008,0,0,0,0,0,0,0,0,2.15
456,0,0,0,0,0,0,0,0,0.721,0,0,0,0,0,0.1,0,0,0.003,0,0,0,0,0,0,1.5
457,0,0,0,0,0,0,0,0,0,0.26,0.5,0,0,0.3,0,0,0,0,0.1,0,0,0,0,0,2.14
458,0.62,0,0,0,0,0.51,0.15,0.3,0,0,0.21,0,0,0,0,0,0.001,0,0,0,0,0,0,0,1.45
459,0,0,0,0.15,0.5,0.12,0.51,0,0,0,0.1,0,0.2,0.1,0,0,0,0,0,0,0.52,0,0,0,3.25
460,0,0.32,0,0,0,0,0.2,0,0,0,0,0.512,0,0,0,0,0,0,0,0,0,0,0,0,1.78
461,0,0,0,0,0,0,0,0.1,0.1,0,0.04,0,0,0,0,0.009,0,0,0,0,0,0,0,0,2.11
462,0.1,0,0,0,0,0,0,0.2,0,0,0.36,0,0.5,0,0.521,0.1,0,0.01,0,0,0,0,0,0,4.89
463,0,0,0,0,0.84,0,0.51,0,0.21,0,0,0,0,0.2,0,0,0,0,0,0,0,0,0,0,2.21
464,0,0.11,0,0,0,0,0,0.05,0.5,0.41,0,0.1,0,0.1,0,0,0.004,0,0,0,0,0,0,0,2.58
465,0,0,0,0,0,0.32,0,0,0.55,0,0.08,0,0,0,0,0,0,0,0,0,0,0,0,0,0.59
466,0.15,0,0,0,0,0,0.12,0,0,0,0,0,0.1,0,0.2,0,0,0,0,0,0,0,0,0,0.89
467,0,0.232,0,0,0,0,0,0,0.2,0,0,0,0,0,0,0,0.05,0,0,0,0,0,0,0,2.65
468,0.2,0,0.1,0,0.656,0.516,0,0,0,0,0.1,0,0,0,0,0,0,0,0,0,0,0,0,0,2.88