S.N,AC1,AC2,AC3,BE1,BE2,BE3,D1,D2,D3,F1,F2,F3,G1,G2,G3,H1,H2,H3,PCI
1,0,3.8,0,0.32,0,0,0,0,0,0,0,0.4,0,0,0,0,0,1.55,36
2,0,1.59,0,1.7,0,0,0,0,0,0,0,0.09,0,0,0,2.22,0,1.25,56
3,0,0.93,0,0.75,3.64,0,0.74,0,0,0,0,0.34,0,0,0.26,0,0,0.33,46
4,0,11.97,2.99,0,1.22,0,0,0.43,0,0,0.25,0,0,0,0,0,2.97,0,45
5,0,1.33,0,0,0,0.01,0,0,0,0,0,0,0,0,0,0,0.32,0,87
6,0,0.21,0,0.93,1.04,0,0,0,0,0,0.09,0,0,0,0.04,0,0,0.32,56
7,0,1.52,0,0,0.74,0,0.21,0,0,0,0,0,0,0,0,0,2.54,0,64
8,0,1.37,0,0,0,0,0,0,0,0,0,0,0,0.32,0,0,0,0,75.5
9,0,0.17,0,0,1,0,0,0,0,0,0.03,0,0,0,0.11,0,0,0.45,68
10,0,4.65,0,0,0,0,0,0,0,0,0,0.34,0.6,0,0,0,0,0,53
11,0,0,0,0,0,0,0,0,0,0,0,0,0,0,0,0,0,0,100
12,0,0.24,0.16,0,1.2,1.03,0,0,0.82,0,0.02,0,0,0,0,0,0,0,69
13,0,3.35,0,0,0,0,0.45,0,0,0,0,0.52,0,0,0,0,0,0,56
14,0,2.28,0,0,0.61,0,0,0,0,0,0.09,0,0,0,0,0,0,0,62
15,0,0.55,0,0,0,1.28,0,0.5,0,0,0.22,0,0,0,0,0,0,0,75
16,0,0.37,0,0,0,0,0,0,0,0,0,0.2,0,0,0,0,1.57,0,70
17,2.06,0,0,0,0,0,0,0,0,0,0,0,0,0,0,0,0,0,99
18,0.42,2.128,0,0.6,5.6,0.96,0,0.212,0,0,0,0,0.56,0,0,0,3.08,0.6,56
19,0,2.086,3.36,0,0.88,0.96,0,0.46,0,0,0,0,0,0.9,0,0,1.4,0.18,48
20,2.28,0.992,0.204,0,3.21,0,0.18,0.412,0,0,0,0,0.82,0,0.84,0,3.2,0.8,52
21,0,1.34,0,1.22,1.72,1.44,0,0.408,0,0,0.4,0,0,1.62,0,0,0.6,0,52
22,0,1.232,0.42,0,2.424,1.34,0,0,1.074,0,0,0.12,0,0,0.64,0,0,0,28
23,0,0.86,1.63,2.4,0,2.84,0,1.33,0,0,0,0,0,0,0.42,0,0,3.08,45
24,1.842,0,1.28,0,1.96,0,0,0,0,0,0,0,0,0,0.82,0,2.42,0,50
25,1.22,1.84,0.42,0,1.22,0.82,0,0,0,0,0,0,0,0,0,0,0.92,0.2,62
26,0,0,1.82,0,1.5,0,0,0.28,0.08,0,0.42,0,0,0,0,2.4,2.2,1.2,24
27,1.62,1.86,0.62,0,0,0,0,0,0,0,0,0,0,0,0,1.2,1.2,0,64
28,2.4,0,0.84,0,0,0,0,0,0,0,0,0,0,0,0,0,0.6,2.8,58
29,0,0,1.82,0,0.52,0,0.68,0,3.2,0,0,0,0,0,0,0,0,0.4,43
30,0,3.32,1.78,0,1.2,0,0,0,0,0,0,0,0,0,0,0,0.72,0,56
31,0,1.36,2.48,0,1.28,2.42,0.72,0.52,0,0,0.62,0,0,0,0,0,2.48,0,20
32,1.32,4.9,0,0,1.2,2.84,0.8,1.72,0,0,0,0,0,1.22,0,0,0,0,60
33,0.6,1.2,0.8,0.8,0,0,0.92,0.6,0,0,0,0.24,0,0,0,0,0,0,28
34,0,0.58,1.72,0,0,2.4,0,2.2,0,0,0,0.12,0,0,0,0,2.48,0,28
35,0.92,0,1.34,0,1.22,1.72,0,0,0.408,0.52,0,0.4,0,0,1.62,0,0,0.6,8
36,0,0.6,2.6,0,3.2,2.3,0,0,0.8,0,0,0.2,0,0,0,0,2.6,0,16
37,0,2.4,0.6,2,4.2,0,0,0,1.55,0,0,0,0,0,0,0,0,0,48
38,0,0,4.4,0,0,0,0,0,0.4,0,0,0,0,0,2,0,0,0,36
39,0,1.1,0,0,0,2.6,0,2,0,0,0.9,0,0,0,0,0,0,0,10
40,3,0,3.2,0,0.45,0,0,1.5,0,0,0,0,0,0,0,0,0,0,50
41,0.6,1.45,0,0,0,0,1.5,2.6,0,0,0,0,0,0,0,0,0,0,62
42,0,0.5,1.8,0,0.4,0,1.8,0,0,0,0,0,0,0,0.6,0,2.6,0,40
43,0,2,0,0,0,2.6,0.6,0,0,0,0,0,0,0,0,0,1.5,0,68
44,0,0.6,1.2,0,1.2,0,1.3,0,0,0,0,0.6,0,0,0,0,0,0,4
45,0,0.9,1.9,0,0,0,0.9,0,0,0,0.5,0,0,0,0,0,0,0,26
46,1.6,1.93,0.5,0,0,0,0,0,0.4,1.2,0,0,0,0,0.5,0,0,0,20
47,1.1,1.1,2.3,2.1,1.2,0,0,0,1,0,0,0,0,0,0,0,0,0,38
48,0,0.56,4.42,0,0,0.316,0.66,0.15,0,0,0,0.6,0,0,0,0,0,0,10
49,0.36,1.2,0.81,0,0.99,0,0.59,0,0.355,0,0,0,0,0,0.6,0,0,0.66,36
50,0.56,2.36,0,0.15,0,0,0,0.32,0.88,0.6,0,0,0,0,0.66,0,0,0.152,28
51,0,0,0.78,0,0,0,0.81,0,0,0,0,0,0,0,0,0,0.15,0,82
52,1.43,0,1.2,0,0.65,0,0,0,0,0,0,0,0,0.23,0,0,0,0.65,60
53,0.65,1.21,0,0,0,0,0,1.46,0.66,0,0,0,0,0,0,0,0,0.15,58
54,1.16,1.22,0.772,0.155,0.15,0,0,0.3,0,0,0,0,0.2,0,0,0,0.778,0,84
55,1.4,2.3,2.12,0,0,0,0.65,0,0,0,0,0,0,0,0.6,0,0,0,50
56,1.5,4.81,2.4,1.4,1.4,0,1.7,0,0,2.1,0.15,0,0,0,0.5,0,0,0,16
57,1.1,1.96,3.75,0,1.05,0,0,0,0.96,0,0.09,0,0,0,0,0,0,0,38
58,0,3.6,0.15,0,0,0,0,0,0.14,0,0,0,0,0,0,0,0,0,64
59,0.54,2.2,0.96,0,0,4.56,0.78,0,0,0,0.15,0,0,0,0,0,0,0,44
60,0.4,0,3.15,0,1.1,0,0,0.9,0,0,0.06,0,0,0,0,0,0,0,66
61,0,0,1.4,0,0,1.5,0.15,0,0,0,0,0,0,0,0,0,1.3,0,62
62,0,2.1,0,0,0,1.1,0.15,0.25,0.45,0,0,0,0,0.15,0,0,0,0,54
63,1.2,0.7,0.25,0,1.2,0,0.78,0,0.45,1.2,0.05,0,0,0,0,0,0.2,0.3,32
64,1.02,0.5,4.06,0,0,2.1,0.17,0.11,0,0,0,0,0,0,0.52,0,0,0,46
65,0.9,1.05,0,0,2.1,0,0,0,0.65,0,0,0,0,0.26,0,0,0,0,86
66,0,0.9,1.35,0,0,0.2,0,0,0.12,0,0.15,0,0,0,0,0,0.52,1.3,33
67,0,1,1.43,0,0.6,1.3,0.51,0,0.15,0,0,0,0,0,0,0,0,0,55
68,2.4,1.5,0,0,0,0,0,0,0,0,0,0,0,0,0.26,0.45,0,0.26,68
69,0.12,3.1,0,0,0.8,0.5,0,0.06,0.104,0,0,0,0,0.156,0,0,0,0,64
70,1,1.2,1.27,0,0,0,0,0.35,0.31,0.01,0.08,0,0,0,0,0,1.5,0,52
71,0.9,0.42,0.75,0,0,0.7,0,0.55,0,0,0,0,0,0,0.65,0,0,0,64
72,0.577,1.7,0.15,0,0.4,0.6,0,0.23,0.8165,0.23,0.01,0,0,0.21,0,0,0,0,52
73,0.23,1.32,1.83,0,0.11,0,0.25,0,2.22,0,0,0,0,0,0,0,1.2,0,52
74,1.1,2.5,0.81,0,0,0,0,0.366,0,0.12,0,0,0,0,0,0.12,0,0.6,56
75,0,1.49,1.03,0,0.4,0.7,0,0.3,0.16,0,0,0,0,0,0.08,0,0.15,0,50
76,0,2,0,0,0.5,0.65,0.56,0,0.99,0.18,0,0,0,0.12,0,0,0,0,42
77,1.25,1.8,0.89,0,0.32,0,0,0.66,0.5,0,0.06,0,0,0,0,0,0.15,0,60
78,1.2,1.1,3.33,0,1.4,0,0,0.79,0,0,0,0,0,0,0,0,0,0,57
79,0,1.63,1.25,0,0,1.46,0,0.89,1.92,0.16,0,0,0,0,0.45,0,0,0,26
80,1.5,0.23,0.5,0,0.6,0.45,0.12,0.32,1.19,0,0,0,0,0.13,0,0,0.62,0,58
81,0.4,3.76,2.77,0,0.83,0,0,0,0,0,0.01,0,0,0,0,0.26,0.46,0,60
82,0,0,0.4,0.15,0.7,0.9,0,0.23,0,0.6,0,0,0,0,0,0,0,0,45
83,0,0,1.96,0,0,1.5,0,1.16,1.35,0,0,0,0,0,0.23,0,0,0,36
84,0,1.8,1.79,0,0,0,0,0,1.85,0,0.02,0,0,0.48,0,0,0,0,50
85,0.056,1.42,0.65,0,2.118,2.4,0.23,0,0,0.05,0.02,0,0,0,0,0.78,0,0,52
86,0,1.9,0,0,2.6,1.45,0,0.15,0.74,0,0,0,0,0,0.48,0,0,0,46
87,0,0.6,4.1,0,0,0,0,0.66,0,0.26,0,0,0,0,0,0,0,0,38
88,0,1.515,0,0.89,1.1,2.1,0,0.22,0.95,0,0.05,0,0,0.95,0,0,0,0,48
89,0,1.35,2,0,0,1.8,0,0.45,0.56,0.3,0,0,0,0,0,0,1.26,0,42
90,0.15,0.8,0,0,0,2.05,0.78,0.66,0,0,0,0,0.12,0,0,0,0,0,87
91,0,0.6,1.12,0,0,1.5,0,0,0.23,0,0.09,0,0,0,0,0,0,0,52
92,0,0.56,0.58,0,0,1.2,0,0.65,0.12,0.15,0,0,0,0,..45,0,1.25,0,40
93,0,0.08,0,0.23,0,0.45,0,0.1,0,0,0,0,0,0,0,0,0,0,92
94,0.95,0.9,12.5,0,1.22,0,0.15,2.6,0.15,0,0.15,0,0,0.15,0,0,0,0,22
95,0,0,0.78,0,0,0.81,0,0,0.12,0.065,0,0,0,0,0.05,0.9,0.4,0.56,54
96,0,0.66,0,0,0,0,0,0.8,0,0,0,0,0,0,0,0,0,0,76
97,0,0,1.84,1.4,0.66,1.05,0,0.78,0,0,0.26,0,0,0,0,0,0,0,38
98,0,0,0,0,0,0,0,0,0.26,0,0,0,0,0,0.65,0,0,0,64
99,0,0.98,0,0,0.15,0,0,0.9,0,0.156,0,0,0,0,0,0,0,0,70
100,0.45,0,0.95,1.115,0,0.45,0,0,0,0,0.22,0,0,0,0,0,0,0,44
101,0,0,0,0,0,0,0,0.01,0.13,0.98,0,0,0,0.156,0.48,0,0,0,64
102,0.665,3.05,0.995,0,0.11,0,0,0,0,0,0.15,0,0,0,0,0,0,0,34
103,0,0,0,0.56,0,0,0,0,0,0,0,0,0,0,0,0,0,0,100
104,0,0.45,0.7,2.77,0.55,0.56,0,0.796,1.28,0,0.12,1.2,0,0,0.11,0.48,0,0,34
105,0.6,1.12,2.53,0,1.56,0.23,0,0.26,0.32,0.05,0.06,0.01,0,0,0.12,0.23,0,0.26,34
106,0.73,0,0.23,0,0.26,2.3,0.43,0,0,0,0,0,0,0.2,0,0,0,0,82
107,0.66,0,0.5,0.15,0.5,0,0,0,0,0.1,0,0.03,0,0,0,0,0,0,58
108,0,0.43,1.3,0.14,0.66,0,0,0,0,0,0.05,0,0,0,0,0,0,0,36
109,0.72,0,0,0,0.26,2.5,0,0,0.2,0,0,0,0,0,0.23,0,0,1.2,36
110,0.22,1.2,0.12,0,0,0,0,0,0,0.13,0,0.05,0,0,0,0.25,0,0,50
111,0.6,0.66,0.51,0,1.23,0.2,0.3,0.1,0,0,0,0,0,0.5,0,0,0,0,62
112,0.6,0,1.5,0.25,0,0,0,0,0,0,0.01,0,0,0,0,0,0,0,88
113,0.8,1.11,0,0,0,0,0,0,0,0.23,0,0.05,0,0,0,0,0,0.25,44
114,0,0.65,0.1,0,1.22,0,0,0.2,0.2,0,0,0,0,0,0.01,0.26,0,0,74
115,0.5,0.12,0.23,0.36,0,0,0,0,0.12,0,0,0,0,0.6,0,0,0,0,70
116,0.3,0.23,0.69,0,0,0,0,0.3,0.15,0.1,0.02,0.01,0,0,0,0,0,0,54
117,0.68,1.23,0.1,0,0.33,0,0,0,0,0.12,0,0.02,0,0,0,0,0,0.55,54
118,0,0,0.33,0,0,0,0.2,0,0,0.01,0,0.01,0,0,0.14,0,0,0,76
119,1.21,1.25,#VALUE!,0.25,0,1.38,0.1,0,0.79,0,0,0.1,0,0.12,0,0,1.2,0,32
120,0,0.61,0.23,0.45,0.32,1.25,0.21,0.49,0,0.1,0,0.2,0.25,0,0,0,0,0,28
121,1.23,0.36,0,0,0,0,0,0.1,0,0,0.02,0.7,0,0,0,0,0,0.44,0
122,0.8,0,0.9,0,0,1.23,0,0,0,0,0,0.6,0,0,0,0,0,0,2
123,0.756,1.23,0.6,0.15,0.62,0.15,0,0,0.11,0,0,0,0,0.23,0.15,0.23,0,0,62
124,1.23,0.25,0.7,0.66,0,0,0,1.01,0,0,0.12,0,0.12,0,0,0,0,0,58
125,0.2,1.79,0,0,0,0,0.513,0.3,0.83,0.1,0,0.6,0,0,0,0,0,0.55,8
126,0.1,0.2,0.2,0,0,1.56,0,0,0,0,0,0.04,0,0,0,0,1.4,0,54
127,0.62,1.22,0.12,0.12,1.23,0,0.12,0.122,0.45,0,0,0,0,0.35,0.01,0,0,0,70
128,1.2,0,0.9,0,0,0,0.36,0.4,0,0,0.2,0,0.36,0,0,0.15,0,0.6,48
129,1.5,1.96,0.2,1.65,0,0.15,0,0,0,0,0,0.15,0,0,0,0,0,0,35
130,0.53,0.47,0.98,0,0.23,1.05,0.3,0.01,0.11,0.08,0,0,0,0.15,0.04,0,0.25,0.5,60
131,0,0.23,0.15,0,0,0,0,0,0.2,0,0,0,0,0,0,0,0,0,82
132,1.83,0.6,0.12,1.85,0.12,0,0.22,0.34,0,0.04,0.01,0.4,0.45,0,0,0.15,0,0,18
133,0,1.11,0.66,0,0,0,0.75,0.15,0.3,0,0,0,0,0.45,0.05,0,0,0,52
134,0.6,0.9,0.33,0.25,1.23,0.98,0.32,0,0.1,0,0,0,0,0,0,0,0.23,0.5,72
135,0.6,0.3,0.48,0,1.01,0.15,0,0.3,0.15,0.4,0,0.08,0,0.56,0,0,0,0,28
136,2.24,0,0.27,0,1.35,0,0.3,0,0.6,0,0.2,0,0.55,0,0.2,0.56,0,0,32
137,0.45,0,0.11,0,0,0,0,0.15,0.14,0,0,0.07,0,0,0,0,0,0.15,50
138,0.33,2.05,0.15,0,0.32,0.56,0.12,0,0,0,0,0.4,0,0.65,0.05,0,0.56,0,18
139,3.05,0.48,0.6,0.6,0.23,0.17,0.12,0,0.37,0.4,0,0,0,0,0,0,0,0,50
140,0.15,0,1.63,0,0,0,0.5,0.15,0,0,0.23,0,0.36,0,0.25,0,0,0.78,48
141,0.3,0.26,0.22,0,1.05,0,0.3,0.56,0.45,0,0,0,0,0.87,0,0,1.25,0,58
142,0,1.91,0.22,0,0.6,0.26,0.43,0,0.15,0.01,0,0.3,0,0,0,0,0,0,16
143,0.856,0,1.13,1.3,0.6,0,0,0.22,0,0,0,0,0.2,0.79,0.15,0,0,0.15,74
144,0,0.23,1.05,0.1,0.25,0.56,0,0,0,0,0.03,0,0,0,0,0,0.33,0,60
145,0.38,0.33,0.16,0,0.18,0.45,0,0,0.17,0,0,0.2,0,0,0,0,0,0,30
146,1,1.25,0.645,0.66,0.23,0,0.2,0.5,0,0,0,0,0,0.99,0.19,0,0,0.5,56
147,0.61,1.7,0.6,0,0.66,0.66,0,0.21,0.48,0.01,0.32,0,0,0,0,0,1,0,38
148,0.37,0,1.05,1.455,0.23,0,0,0,0.45,0,0,0.1,0,0,0,0,2.3,0,24
149,0.8,0.8,0.33,0,0.62,0,0,0.3,0.15,0,0,0,0,0.15,0.56,0,0,0.5,50
150,0,0.2,0.3,1.25,0.35,0.6,0,0,0,0,0,0,0,0,0,0,0,0,86
151,0.23,0.45,1.81,0,0.2,0,0.33,0,0.69,0,0.01,0.4,0.25,0,0,0,0.25,0,14
152,0.6,0.16,0,0,0.2,0,0,0.12,0.19,0,0,0,0,0,0,0,0,0.5,68
153,0.45,0.14,0,0,0.9,1,0,0.25,0.2,0.01,0,0,0,0,0,0,0,0,62
154,0,1.2,0,1.22,0.15,0,0,0.1,0.63,0,0,0,0.22,0,0,0,0.455,0,54
155,0,0,0.48,0,0,0,0,0,0.5,0,0.13,0,0,0,0,0,0,0.5,60
156,0.52,0,0,0,0,0,0,0,0,0.05,0,0,0,0,0,0,0,0,86
157,0.22,0.5,0,0,0.03,0.23,0,0.22,0,0,0,0,0.5,0,0,0,0,0,86
158,0,0,0,0,0.15,0,0,0,0,0,0,0,0,0,0,0,0,0.12,94
159,0.6,0.23,0.6,0,0.2,0,0,0.76,0,0.04,0,0,0,0,0,0,0,0,80
160,0.6,0,0,0,0,0.45,0,0,0,0,0.25,0,0,0,0,0,0,0,44
161,0,0,0,0,0.26,0,0,0,0.23,0,0,0,0,0,0,0,0,0,91
162,0,0.3,0.6,0.6,0,0.4,0,0,0.2,0,0.12,0,0,0,0,0,0,0.08,56
163,1.5,2.4,0,0.1,1.2,0.1,0,0,0,0,0.01,0.05,0,0,0,0,0,0,44
164,2.18,1.2,0.605,0,0.84,0.78,0.3,0.12,0.53,0.15,0,0.06,0.15,0,0.63,0.66,0,0.8,28
165,0,0.99,1.59,0,1.9,2.96,0.22,0.7,0.23,0,0.06,0,0,0.23,0,0,0,0,38
166,0,0.56,0.85,0,0,0.66,0,0,0,0,0,0,0.23,0,0.66,0,0,0,58
167,1.29,0.6,0,0,0,0.8,0,0.75,0,0,0,0,0,0,0,0,0,0,74
168,0,0.6,0.473,0,0.56,0.65,1.91,0.25,0,0.26,0,0,0,0,0,0,0,0.6,32
169,0,0.25,0.65,0,0,0.78,0.23,0.26,0,0,0.02,0,0,0,0.15,0,0,0,74
170,0,0.95,1.1,0,1.6,0,0.23,0.6,0.8,0,0,0.1,0,0,0,0,0,0,18
171,0.6,0,0.56,0,1.2,0,0,1.13,0,0,0,0,0,0,0,0,0,0,76
172,0.45,0,0,0,0.23,0,0.32,0.62,0.556,0.31,0,0,0,0,0,0,0.45,0,48
173,0,1.46,1.16,0,0,0.69,0.1,0.3,0.26,0,0.03,0,0.3,0.3,0,0,0,0.45,50
174,0,0.65,1.8,0,2.1,0,0.21654,0.23,0.6,0,0,0,0,0,0.23,0,0,0,40
175,0.62,0.66,0.662,0,0,0.54,0.51,0.6,0,0,0,0.08,0,0,0,0.451,0,0,42
176,0.23,1.44,1.21,0,0.96,0.6,0,0.37,0.62,0,0,0,0,0,0,0,0.645,0,54
177,0,1.1,0.94,0,0.8,1.23,0,0,1.03,0.18,0.04,0,0,0,0,0,0,0.69,28
178,0,0,0.26,0,0.6,0,1.23,0,0,0,0,0,0,0.12,0.455,0.12,0,0,72
179,1.73,1.6,0.26,0,0,0.5,0.15,0.63,0.123,0,0,0,0,0,0,0,0,0,66
180,0.89,0,0.63,0,2.75,0,0,0.85,0.717,0,0,0.06,0.15,0.22,0,0,0.66,0,26
181,0,0,2.14,1.23,0,1.22,0.7,0,0.12,0..66,0,0,0,0,0,0.66,0,0,60
182,0.78,1.475,0,0,0.9,0.5,0.63,0.42,0.323,0,0.05,0,0,0,0.45,0,0,1.23,36
183,0,1.3,0,0,2.1,0,0,0.03,1.3,0,0,0,0,0.15,0,0.15,0,0,40
184,0.66,0,0.6656,0,0.11,0.54,0,0,0,0,0,0,0,0,0,0,0.66,0,4.5
185,0.6,1.12,0.15,0,0,0.23,0.23,0.22,0.14,0,0.06,0.12,0,0,0,0,0,0,36
186,0.71,0.6,0,0,2.16,0.512,0,0.76,0.6,0,0,0,0,0,0.99,0.85,0,1.56,48
187,0.25,0.54,1.15,0,0.6,0,0.9,0.26,0,0.3,0,0,0.66,0,0,0.11,0,0,52
188,0.27,0.55,0.6,0,0,3.75,0.215,0.71,0,0,0.07,0,0,0.55,0,0,0.18,0,58
189,0.653,0.33,0.74,0,0.85,0.81,0.32,0.96,0.72,0,0,0,0,0,0.6,0,0,0,62
190,0.3,0,1.05,0,1.23,0,0,0.68,0,0,0,0.26,0,0,0,0,0,0.96,20
191,0.37,2.175,0.066,0,0.3,0,0.056,0.11,0.22,0,0,0,0,0,0,0.17,0,0,72
192,0.6,0,0.765,0,0.85,0.51,0.656,0.6,0.15,0,0.08,0,0,0,0.96,0,0.6,0,50
193,0,0.77,1.8,0,0.65,0,0.9,0.74,0,0.3,0,0,0,0,0,0,0,0,40
194,1.65,0.75,0.11,0,0,0.99,0.29,0,0.1,0,0,0.14,0,0.33,0,0,0,0.66,32
195,0,0.23,0,0,0.58,0.26,0,0,0.23,0,0,0,1.2,0,0.33,0.23,0.14,0,58
196,0,0.96,0.606,0,0,0,0,0.482,0.06,0,0.09,0,0,0,0,0,0,0,58
197,0.85,0.71,1.325,0,0.66,0.49,0.1,0,0,0,0,0,0,0,0,1.25,0,0,62
198,0.74,1.12,0.56,0,1.14,0,0.816,2.28,0,0.09,0,0.11,0.3,0,0.74,0,0,0.66,28
199,0.705,0,0,0,0,2.212,0,0,0.06,0,0,0,0,0,0,0.32,0.47,0,82
200,0,0.63,1.38,0,0,0.25,0.126,0,0,0,0.1,0,0,0.33,0,0,0,0,56
201,0.516,0.9,0.55,0,2.336,1.245,0,0,0.56,0,0,0,0.33,0,0.17,0,0,0,60
202,0.56,0.5,1.73,0,0.5,0.45,0.32,0,0,0,0,0,0.48,0,0,0.6,0,0,60
203,0,1.1,2.938,0,1.48,1.83,0.216,1.05,1.1,0.8,0.11,0,0,0.66,0,0,0.455,0.78,12
204,0,0,1.6,0,1.35,0,0,0,0,0.6,0,0.06,0.66,0,0.23,0.55,0,0,20
205,0.165,0.12,0.5,0,0.48,0,0,0,0.4,0,0,0,0,0,0,0,0,0,70
206,0.65,1.2,1.53,0,1,0.5,0.51,0,0,0,0.33,0,0,0,0.32,0,0.65,0,24
207,0.4,0,0.15,0,0.45,0,0,0,0,0,0,0,0.6,0.45,0,1.33,0,0,78
208,1,0.15,0.8,0,0.33,1.98,0.15,0,0.44,0,0,0.08,0,0.3,0,0.47,0,0,38
209,0.36,0,1.1,0,0,0,0.36,0.85,0,0,0,0,0,0.3,0,0,0.6,0,66
210,0.15,0.48,0.32,0,1.2,0,0.66,0,0,0,0,0.148,0,0,0,0,0,0,34
211,0,0,0,0,0.564,0,0.69,0.8,0.7,0,0,0,0,0,0,0,0,0,92
212,0,0.63,0,0,2.6356,0.75,0.31,0.7255,0.2,0,0,0,0,0.33,0,0,0,0,64
213,0,0.06,0,0,0.31,0.88,0.1,0.426,0.21,0,0,0,0,0,0.32,0.6,0,0,68
214,0.05,0,0.756,0,0.31,0,0.68,0,0.23,0,0,0,0,0,0,0,0,0,86
215,0.12,0.6,0.42,0,0.06,0.66,0,0,1.17,0.01,0,0,0,0.3,0,0,0,0,40
216,0.21,1.05,0.45,0,0,0.12,0.3,0.66,1.21,0,0,0,0,0,0,0.23,0,0,54
217,0,0.14,0.98,0.66,0.32,1.42,0.66,0.36,0,0,0,0,0,0,0,0,0,0,66
218,0,0.9,0.3,0,0.23,0.76,0,0.3,0.91,0,0,0,0,0.33,0,0.23,0,0,50
219,0.1,0.49,0.3,0,0.7,0.09,0.147,0,0.6,0.005,0,0,0,0,0,0,0,0.8,46
220,0.515,0,0.28,0.68,0,1.62,0.362,0,0,0,0.165,0,0,0,0.165,0,0.51,0,74
221,0,0,0,0.15,0,0.11,0.66,0.66,0,0,0,0,0,0,0,0,0.28,0,82
222,0.05,0.32,0,0,1.46,0,0,1.24,0,0,0,0,0,0,0,0,0,0,74
223,0.15,0.459,0.63,0,0,0.4,0,0.63,0.15,0,0,0,0,0,0.15,0.33,0,0,84
224,0.874,0.26,0.15,0,0.6,0.85,0,0.16,0,0.007,0,0,0,0,0,0,0,0,74
225,0.56,0.5,1.26,0.66,0,0.08,0,0.48,0,0,0,0,0,0,0,0,0,0,82
226,0.45,1.036,0.22,0,2.6,0,0.74,0.58,0.345,0,0,0,0,0,0,0,0,0,78
227,0,0.321,0,0,0.75,0.23,0,0,1,0.66,0,0,0,0.23,0.15,0.56,0,0.6,58
228,0,0,0,0.55,0.33,0.64,0.21,0.55,0.05,0,0,0,0,0.15,0.66,0,0.66,0,66
229,0,0,0.32,0,0,0.2,0.12,0,0.23,0.09,0.02,0.02,0.11,0.23,0,0.11,0.12,0,46
230,1.2,0,0,0.23,0,0,0.2,0.12,0,0.04,0,0.02,0,0,0,0,0.22,0.3,62
231,0,1.11,0,0.11,0.67,0.77,0,0.2,0.23,0.04,0.09,0,0,0,0.22,0.15,0,0,40
232,0.98,0,0,0.26,1.42,0,0.12,0.212,0,0,0,0.06,0,0.15,0.56,0,0.65,0,48
233,0.3,0.67,0.2,0.89,0.23,0,0,0.52,0.15,0,0,0,0,0,0.63,0.11,0.85,0,64
234,0,0,0,0,0.96,1.35,0,0.55,0,0,0.01,0,0,0.08,0,0,0,0.6,66
235,0,0,1.2,0,0.78,0.11,0,0,0.2,0,0.2,0,0,0,0.33,0,0,0.32,32
236,0,0.66,0.6,0.78,0,0,0.6,0,0.1,0,0,0.2,0,0.11,0,0,0.15,0,26
237,1.476,0.6,0.95,0.32,0.62,1.41,0,1.166,0.126,0,0.01,0.12,0,0.05,0.15,0,0.2,0.2,30
238,0,0.66,0,0.32,0.66,0,0,0.43,0.12,0,0,0,0,0,0,0.11,0.66,0,74
239,0,0,0,0.2,0,0.09,0,0,0,0.01,0,0,0.3,0,0,0,0.2,0,88
240,0,2.13202,0,0.12,0.2,0.501,0.6,0.6,0.3,0,0,0,0,0,0.2,0,0,0,58
241,1.2,0.6,1.15,0,0,0.3,0.78,0.25,1.02,0,0,0.23,0,0,0,0.01,0.3,0,20
242,0.66,0.7,0.66,0,0,0.67,0.6,0,0,0,0,0,0,0,0,0,0,0,66
243,0,0.32,0,0,0,0,0.51,0,0.33,0,0.07,0,0,0,0.6456,0.1,0,0,65
244,0.42,0.06,0.56,0.12,0.46,0.15,0,0.62,0,0,0,0,0,0.05,0,0,0,0,72
245,1.36,0,0.11,0,0.145,0.22,0.12,0,0.62,0,0,0,0,0,0,0,0,0,50
246,1.308,0.712,0.3976,0,0,0,0.4,0.12,0,0,0,0,0,0,0,0,0,0,80
247,1,0,1.01,0.23,0,0.32,0.2015,0.5,1.12,0,0,0,0,0,0,0,0,0,40
248,1.2,0.13,0.262,0.1,0.1,0.27,0.023,0.12,0.23,0,0.01,0,0,0,0,0,0,0,74
249,0,0.015,0.0321,0,0.6,0,0,0.26,0,0,0,0,0,0,0,0,0,0,84
250,0,0.11,0.15,0,0.51,0.623,0.71,0.031,0.3,0,0,0,0,0,0,0,0,0,62
251,0.25,1.1906,0.662,0,0.15,0.32,0.021,0.216,0,0,0,0,0,0,0,0,0,0,78
252,0.33,0.6,1.521,0,0,0,0.051,0,0,0,0,0.08,0,0,0.15,0,0,0,38
253,0.6,0.6,0.12,0.15,0,0.14,0,0,0,0,0,0,0,0,0.001,0,0,0,82
254,0.03,0.32,0,0,0,0,0,0,0,0.12,0,0,0,0.005,0,0,0,0,72
255,0,0,0.642,0,0.11,0,0.12,0.1,0.11,0,0,0,0,0,0,0,0,0,72
256,0.1,0.43,0,0,0,0,0.44,0.21,0,0,0,0,0,0,0,0,0,0,84
257,0,0,0.49,0,0,0.35,0,0.11,0.4,0,0,0,0,0,0,0,0,0,56
258,0,0,0.23,0.12,0,0.12,0,0.12,0.41,0,0,0,0,0,0,0,0,0,88
259,0,0,0,0,0,0.11,0.12,0,0,0,0,0,0,0,0,0,0,0,96
260,0.321,0.21,0.33,0,0,0,0,0,0,0,0,0,0,0,0,0,0.137,0.11,82
261,0,0,0.125,0,0,0,0,0,0.15,0,0,0,0,0,0,0,0,0,92
262,0.21,0.79,0.53,0,1.2,0,0,0.33,0,0,0,0,0,0,0,0,0,0,78
263,0,0,0,0.322,0,0.15,0,0,0,0,0,0,0,0,0,0,0,0,96
264,0,0.55,0.15,0,0,0,0,0,0.151,0,0,0,0,0,0,0,0,0,82
265,0,0,0.37,0,0,0,0,0,0,0,0,0,0,0,0.01,0,0,0,84
266,0.43,0,0.26,0,0,0,0.1551,0.772,0.3,0,0,0,0,0,0,0.1,0,0,64
267,0.252,0,0,0.12,0,0.15,0,0.32,0,0,0,0,0,0,0,0,0,0.12,88
268,0,0.15,0.22,0,0,0,0,0,0.151,0,0,0,0,0,0,0,0,0,88
269,0.12,0,0.14,0,0,0,0,0.11,0,0,0,0,0,0,0,0,0,0,88
270,0,0,0.1,0,0,0.33,0,0.15,0,0,0,0,0,0,0,0,0,0,88
271,0,0,0.46,0,0,0,0.1,0.15,0.13,0,0,0,0,0,0,0,0.04,0,76
272,0.18,0.3301,1.23,0,0,0.12,0,0.032,0,0.09,0,0,0,0.05,0,0.33,0,0.01,62
273,0.17,0.23,0.21,0,0,0.1,0,0.23,0,0,0,0,0,0,0,0.02,0,0,86
274,0,0,0.25,0,0,0.11,0.15,0.19,0.123,0,0,0,0,0,0,0,0,0,66
275,0.031,0.12,0.38,0.3,0,0,0,0,0.32,0,0,0,0,0,0,0,0,0,78
276,0.47,0,0.12,0,0,0,0,0,0,0,0.04,0,0,0,0,0,0,0,78
277,0.132,0,0.24,0,0.11,0.123,0,0.16,0.12,0.33,0,0.01,0,0,0.2,0.123,0,0,48
278,0.242,0,0.752,0.12,0,0,0.155,0.12,0.15,0.02,0,0,0,0,0,0,0,0,74
279,0.64,0,0,0,0.18,0,0,0.145,0,0,0,0,0,0,0,0,0,0,82
280,0.291,0,0.17,0,0,0,0.1232,0.515,0.7,0,0,0,0,0,0.015,0,0,0,74
281,0.26,1.2,0.12,0.151,0,0,0,0,0,0,0,0,0,0,0,0,0,0,74
282,0.41,0,0.63,0,0,0.67,0.23,0.2,0.012,0.123,0,0,0,0,0,0,0.009,0,58
283,0.4031,0,0,0,0,0.23,0,0,0.133,0,0,0,0,0,0,0,0,0,86
284,0.41,0,0.12,0.151,0,0.56,0,0,0,0,0,0,0,0,0,0,0,0,86
285,0,0.18,0.12,0,0.32,0,0.482,0.2,0,0,0,0,0,0,0,0,0,0,88
286,0.934,0,0.132,0,0,0.4452,0,0,0,0,0,0,0,0,0,0,0,0,84
287,0,0,1.01,0.1233,0,0,0,0,0,0,0.009,0,0,0,0,0.008,0,0,54
288,0,0,0,0.12,0,0.11,0,0,0,0,0,0,0,0,0.2,0,0,0,86
289,0.443,0,1.09,0,0,0.745,0,0,0,0,0,0,0,0,0,0,0,0,62
290,0,0.15,0,1.23,0.255,0.795,0.2,0.21,0.351,0,0,0,0,0,0.008,0,0,0,80
291,0.21,0,0,0.454,0,0,0,0,0,0,0,0,0,0,0,0,0,0,98
292,0,0,0.52,0.145,0,0,0.405,0,0.2,0.008,0,0,0,0,0,0,0.04,0,62
293,0,0,0,0,0.32,0,0,0.36,0,0,0,0,0,0,0,0,0,0.054,90
294,0.63,0,0.95,0.15,0,0.23,0.32,0,0.57,0,0,0,0,0.01,0,0,0,0,67
295,0,0.41,0,0.96,0,0.12,0.3733,0,0,0,0,0,0,0,0,0,0.85,0,78
296,0,0.33,0,0,0.68,0.48,0.23,0.583,0.1,0,0,0,0,0.23,0,0,0,0,80
297,0.85,0.23,0.12,0,0,0,0,0.38,0.62,0,0.04,0,0,0,0,0,0,0,56
298,0.52,0,0,0,0.63,0,0.415,0,0,0,0,0.054,0,0,0,0,0,0,52
299,0,0.62,0.26,0,0,0.4,0,0.15,0.15,0,0,0,0,0,0,0,0,0,88
300,0,1.6556,0.89,0,0.11,0.15,0,0.15,0,0.01,0,0,0,0.3,0,0,0,0,71
301,0,0,0.18,0,0.15,0.36,0.15,0.33,0.15,0,0,0,0,0,0,0,0.15,0,64
302,0.55,0,0.23,0,0,0.73,0,0,0.75,0,0,0,0,0,0,0,0,0,48
303,0,1.241,0,0,0.63,0.85,0,0,0.731,0,0,0,0,0,0,0,0,0,83
304,1.17,0.41,0.3,0,0.15,0,0,1.387,0,0,0,0,0,0,0,0,0,0,72
305,0,0.1251,0.66,0,0.67,0,0,0.36,0,0,0,0,0,0,0,0,0,0,84
306,0,0.73,0.36,0,0,0,0.36,0.8,0,0,0,0,0,0,0,0.8,0,0,58
307,0.15,0,0,0.15,0.63,0.54,0,0.1,0,0,0,0,0,0,0,0,0,0,90
308,0.42,0,0,0.67,0,0.33,0,0.6,0,0,0.05,0,0,0,0,0.15,0,0,74
309,0,0,0.6,0.5,0.6,0.81,0,0.6521,0,0,0,0,0,0,0,0,0,0,84
310,1.31,2.11,0,0.32,0,0.12,0,0.652,0.3,0,0,0,0,0,0.01,0,0,0,66
311,0,0,0.3,0,0,0,0,0,0,0,0,0,0,0,0,0,0,0,78
312,0.15,1.18,0,0.233,0.43,0.47,0.15,0,0,0,0,0,0,0,0,0,0,0,84
313,1.01,0,0.15,0,0,0.25,0.81,0.33,0,0,0,0,0,0,0,0,0,0,84
314,0,0,0.52,0,0.3,0.32,0,0,0,0,0,0,0,0,0,0,0,0,72
315,0,0.6256,0.561,0.41,0,0.26,0,0,0.16,0,0,0,0,0,0,0,0,0,80
316,0,0,1.47,0.63,0,0.36,0,0.11,0,0.05,0,0,0.05,0,0,0,0,0,70
317,0.056,0.36,0.33,0.15,0.15,0,0,0.36,0,0,0,0,0,0,0,0,0,0,84
318,0.51,0,0.45,0.32,0.48,0.36,0.32,0,0.15,0,0.01,0,0,0.3,0,0.015,0.15,0,66
319,0.34,0.75,0.23,0,1.24,0,0,0.15,0,0,0,0,0,0,0,0.41,0,0,76
320,0.67,0.23,0.57,0,0,2.12,0.34,0,0,0,0,0,0,0,0,0,0,0,76
321,0.64,1.58,0,1.23,0,0.78,0,0,0.23,0,0,0,0.15,0.23,0,0,0,0,76
322,0.89,0.36,0.26,0,0.7,0.25,0.12,0.43,0.23,0,0,0.01,0,0.35,0,0,0,0,62
323,0.1,0.47,0.32,0,0.12,1.31,0.6,0.47,0,0,0,0,0,0,0,0,0,0,70
324,0.32,0.23,0.3,0.15,0.44,0.23,0.43,0.11,0.48,0,0.01,0.02,0,0,0,0,0.15,0,56
325,0.84,1.27,0,0,0.25,0.15,0,0,0,0,0,0,0,0,0.66,0,0,0,68
326,0.47,0.75,0.32,0.37,0.15,0.82,0,0.22,0.11,0,0,0,0,0,0.15,0,0,0,68
327,0.44,1.485,0,0,2.3,1.21,0.411,0,0,0,0,0,0,0.11,0,0,0.15,0,68
328,0.75,0.25,0.67,0,0.58,0.99,0.11,0.78,0,0,0,0,0,0.14,0,0.11,0,0,68
329,0.213,0.55,0.21,0.562,0.86,0.26,0.41,0,0.413,0,0,0.01,0,0.11,0.3,0,0.11,0.213,52
330,0.12,0.38,1.11,0,0,0.92,0.11,0.46,0.64,0,0,0,0.18,0,0,0.15,0,0,60
331,0.2,0.35,0.92,0,0.375,0.475,0,0,0.533,0,0,0.02,0,0,0,0,0,0,60
332,0.51,0,0.15,0.15,0,0.32,0,0.26,0.65,0,0,0,0,0,0,0,0,0,56
333,0,0.3,0.2,0.13,0.77,0,0.3,0,0.11,0,0,0,0,0,0,0.1,0,0,78
334,0.2,0.6,0.945,0.11,0,1.1,0,0.11,0,0,0,0,0,0,0,0,0,0,74
335,0.3,0.844,0.562,1.21,0.156,0.33,0,0,0.12,0,0,0,0,0,0,0,0,0,60
336,0.25,0.11,0,0,0.23,0.3,0,0,0.32,0,0,0,0,0,0,0,0,0,58
337,0.11,0,0.85,0,1.38,1.67,0,0.43,0.21,0,0.01,0,0,0,0.15,0,0,0,64
338,0.385,0,1.12,1.2,0,0,0,0.45,0,0,0,0,0,0,0,0,0,0,72
339,0.81,0.59,0.34,0.13,0.32,0.44,0,0.42,0.12,0,0,0,0,0,0,0,0,0,66
340,0.23,0,0,0.23,0.12,0.52,0.15,0.23,0.44,0,0,0,0,0,0,0,0,0,56
341,0,0.26,0.62,0.65,1.51,0,0.21,0.32,0.23,0,0,0,0,0.01,0,0,0,0,58
342,1.174,0.15,0,0,0,0.582,0.11,0.4,0.2,0,0,0,0,0,0,0.2,0,0,76
343,0.29,0.23,0.55,0,0.15,0.67,0,0.23,0,0,0,0,0,0,0,0,0,0,82
344,0,0.33,0.3,0.85,0.52,0,0.15,0.33,0,0,0,0,0,0.15,0,0,0,0,74
345,0.52,0.892,0.75,0.32,0.27,0.8,0.32,0,0.3,0,0,0,0,0,0,0,0,0,58
346,0,1.063,0.626,0,1.53,0.266,0,0.11,0,0,0,0,0,0,0,0,0,0,70
347,0,0,0,0.62,0,0,0,0,0,0,0,0,0,0,0,0,0,0,100
348,0.9,0,0.75,0.12,0.32,1.65,0,0,0.5,0,0,0,0,0,0,0,0,0,74
349,0.216,0.3,0.91,0,0.6,0,0,0.36,0.2656,0,0,0,0,0,0,0.02,0,0,80
350,0,0.55,0.78,0.15,0.62,1.25,0.25,0,0.651,0,0,0,0,0,0,0,0,0,66
351,1.11,0.51,0,0,0.03,0.356,0,0.25,0.25,0,0,0,0,0,0,0,0,0,60
352,0.32,0.39,0.14,0,0.62,0.652,0,0.58,0.626,0,0,0,0,0,0,0,0,0,80
353,1.376,0.21,0.42,0.6251,0,0.44,0,0.15,0.252,0,0,0,0,0,0,0.35,0,0,70
354,0,0.125,0,0,0,0,0,0,0.018,0,0,0,0,0,0,0,0,0,92
355,0,0.35,0.2,0,1.2,1.63,0.12,0.224,0.05,0,0.085,0,0,0,0,0,0.2,0,56
356,0.32,0.15,0,0,0,0.41,0.15,0.26,0.66,0,0,0,0,0,0,0,0,0,78
357,0,0.383,0.3,0.74,0,0,0,0,0,0,0,0,0,0,0,0,0,0,78
358,0,0.22,0,0.55,0.54,0.45,0,0,0,0,0.055,0,0,0,0,0,0,0,76
359,0,0.82,0,0,0,0,0,0,0,0,0,0,0,0,0,0.11,0.12,0,82
360,0.32,0.24,0.75,0,0,0.11,0.22,0.36,0,0.01,0,0,0.11,0.2,0,0,0,0,64
361,0,0,0.66,0.32,0.11,0,0.11,0.32,0,0,0.01,0.03,0,0.01,0,0.12,0,0,56
362,0.15,0.5,0,0,0.32,0,0,0.3,0.1,0.02,0.021,0,0,0,0.15,0.13,0.32,0,64
363,0.27,0.73,0,0,0.12,0,0,0,0,0,0,0.01,0,0.01,0,0,0,0.52,74
364,0,0.45,0.46,0,0,0,0,0,0,0,0,0,0,0.04,0,0,0,0,86
365,0.3,0,0,0,0,0,0,0,0,0,0,0,0,0.11,0.6,0.015,0.15,0,74
366,0.685,1.85,0.11,0,1.261,0.37,0.15,0.44,0.25,0,0.001,0.005,0,0,0,0,0,0,54
367,0.15,0.55,0,0,0.47,0,0.23,0.32,0,0.01,0,0,0,0,0.22,0,0,0,76
368,0,0.32,1.43,0,0.11,1.31,0.14,0.15,0,0,0,0,0,0,0,0.62,0,0.62,64
369,0,0.88,1.55,0,0,0,0,0.62,0.11,0,0,0.06,0,0.11,0,0,0,0,44
370,0.22,0,0,0,1.476,1.84,0,0.372,0.35,0,0.05,0.005,0,0,0,0,0.66,0,56
371,1.18,0.65,0.55,1.25,0,0.23,0,0.62,0,0.3,0,0.008,0,0,0,0,0,0,54
372,0.11,2.47,1.37,0.615,0.15,0.15,1.06,0.78,0.12,0,0,0,0,0.52,0,0.616,0,0.15,52
373,0.52,0.32,0.221,0,2.14,0,0,0.12,0,0,0,0,0,0,0,0,0,0,74
374,0.66,0.25,0.55,0,0.302,1.76,0.15,0.25,0.65,0,0,0,0,0,0.21,0,0.55,0,56
375,0.2,1.17,0.15,0.62,0.82,0.15,0,0.3,0.25,0.06,0,0.008,0,0,0,0,0,0.16,62
376,0.15,1.8,0.63,0,0.91,0,0,1.27,0,0,0,0,0,0.566,0,0.62,0,0,70
377,1.22,0,0.27,0,0,2.451,0,0.6,0,0,0.02,0,0,0,0,0,0.51,0.15,64
378,0.6,0.15,0.52,0,0.51,0,0,0.63,0.65,0,0,0,0,0,0.12,0,0,0,60
379,0.36,2,0,0.52,1.8,0.15,0.415,0.84,0,0.05,0.01,0,0,0.66,0,0,0,0,60
380,0,0.626,0.22,0,0.84,0.51,0,0,0.63,0,0,0,0,0,0,0,0,0,68
381,0,0.18,0.23,0.626,0.48,0,0,0.11,0.15,0,0,0,0,0,0,0,0,0,80
382,0,0,0.34,0,1.49,1.21,0.15,0.88,0.11,0,0.05,0,0,0.61,0,0,0,0,58
383,0.15,1.22,0.48,0,0,0.14,0.15,0.65,0.65,0,0,0,0,0,0,0,0,0,58
384,0,0,0.25,0.6,0.22,0.4,0,0.48,0.15,0,0,0.15,0,0,0,0,0,0,30
385,0.15,0.75,0.83,0,0.55,1.09,0,0,0.25,0,0.32,0.15,0,0.165,0,0,0,0,8
386,0,0.63,0.52,0.15,0.66,1.01,0,0.56,0.621,0,0.15,0,0,0,0,0,0,0,46
387,0,0,0.15,0,0.15,0.55,0.11,0.6,0.74,0,0.22,0,0,0,0,0,0,0,42
388,0,0.52,1.21,0,1.2,0.45,0,0,0.51,0,0.05,0.05,0,0,0,0,0,0,26
389,0.32,1.32,0.31,0,0,0.45,0,0.47,0.25,0,0,0.041,0,0,0,0,0,0,52
390,0,0.25,0,0,0.55,1.441,0,0,0,0,0,0.01,0,0,0,0,0,0,72
391,0,0.7,0.15,0,0,0.32,0,0,1.2,0,0,0,0,0,0,0,0,0,46
392,0.33,1.55,0.582,0,0.77,0,0.63,0,0.63,0,0,0.23,0,0,0,0,0,0,54
393,0,0.262,1.32,0,0,0.94,0,0.15,0,0,0,0,0,0,0,0,0,0,72
394,0,0.26,0.38,0.32,0,0,0,0.62,0.69,0,0,0.051,0,0,0,0,0,0,32
395,0,1.17,0.55,0.15,0.62,0.51,0,0,0.15,0.15,0.23,0.085,0,0,0,0,0,0,20
396,0.15,1.203,0,0.5,0,0,0.33,0.176,0,0.15,0,0.051,0,0,0,0,0,0,28
397,0,0.25,0.32,0,1.133,0.74,0.25,0.22,0.66,0,0.021,0.1,0,0,0,0,0,0,24
398,0,0.156,0.15,0,0,1.12,0,0.85,0.36,0.05,0,0,0.36,0,0.51,0,0,0,50
399,1.43,0.78,0.15,0.4,0.51,0,0,0,0.63,0,0,0.23,0,0,0,0,0,0,24
400,1.24,1.6603,0.15,0,0.3,0.66,0.25,0.921,0,0,0,0.012,0,0.63,0,0.623,0,0,64
401,0,0,0.2,0,0,1.51,0.15,0.63,0,0.05,0,0,0.66,0,0,0,0,0.35,46
402,0.412,0.26,0.11,0,0,1.37,0.66,0,0.1,0,0,0.032,0,0.2,0,0,0,0,56
403,1.22,0.8,1.37,0,0,0.12,0,0.336,0,0,0.52,0,0.25,0,0.215,0,0,0.65,26
404,0,0,0,0.32,0.15,0.62,0,0.865,0,0,0.51,0,0,0,0,0,0,0,24
405,0.11,1.02,0,0,0,0.552,0,0,0,0,0.15,0.051,0,0,0,0.15,0.652,0,38
406,0.25,0,0.8,0,0,0.6,1.8326,0,0.7,0.15,0,0,0,0,0,0,0,0.15,42
407,0.566,0.62,0.4,0,1.2,0,0,0.55,0,0,0,0,0,0.515,0,0,0.15,0,58
408,0,1.14,0.65,0,0,0.6,0.125,0.66,0,0,0,0.05,0,0,0,0,0,0,46
409,0.15,0.25,0,0,0,0.15,0.77,0.51,0,0,0,0,0,0,0,0,0,0,72
410,0,0,0.25,0,0.15,0.55,0,0,0,0,0,0,0,0,0,0,0,0,80
411,0,0,0,0,0.36,0.52,0.26,0.17,0.6,0,0,0,0,0,0,0,0,0,64
412,0.52,0.84,0.16,0,1.16,0.85,0.32,0,0,0,0,0,0,0,0,0,0,0,46
413,0,0.52,0.32,0,0.085,0.52,0.52,0,0.15,0,0,0,0,0,0,0,0,0,74
414,0.61,0,0.46,0,0.63,0,0.26,0.35,0,0.01,0.1,0.04,0,0,0,0,0.32,0,44
415,0,0.15,1.126,0,0,2.1715,0.32,0.063,0,0,0,0,0,0,0,0,0,0,66
416,0,0.65,0.7,0,0,0,0.15,0,0.5,0,0,0,0,0,0,0,0,0,66
417,0.24,0.11,0.612,0,0,0,0.56,0,0,0,0.06,0,0,0,0,0,0,0,66
418,1.43,0.63,0,0,0.15,1.65,0.51,0.36,0,0,0.05,0,0,0,0,0.32,0,0,60
419,0,0.84,0,0,0,0,0,0,0.66,0,0,0,0,0,0,0,0.085,0,74
420,0.12,0.3026,0.1,0,0.65,0,0,0.85,0.25,0,0,0.01,0,0,0,0,0.552,0,68
421,0.562,0.33,0.33,0,0,2.44,0.25,0.31,0,0,0,0,0,0,0,0,0,0,76
422,0.15,0.36,0,0.32,0,2.51,0,0.15,0,0,0,0,0,0,0,0.15,0,0,80
423,0.12,0.51,0,0,0.32,0,0,0,0,0,0.01,0,0,0,0,0,0,0,90
424,0,0.5,1.38,0.47,0.11,0.11,0,0,0,0,0,0.06,0,0,0,0,0,0,44
425,0.15,0.933,0.15,0,0,0.76,0.36,0.96,1.19,0,0,0,0,0,0,0,0,0,52
426,0.52,0.25,0.15,0,0,0.22,0,0.15,0,0,0,0,0,0,0,0.52,0,0,84
427,1.04,0.515,1.03,0.65,1.03,0,0.6,0.33,0.32,0,0.001,0,0,0,0,0,0,0,70
428,0,1.4,0.55,0.15,0.15,0.75,0.32,0.9,0.215,0,0.05,0,0,0,0,0,0,0,58
429,0.35,0.78,0.22,0.55,0.62,0.55,0.51,0.23,0.15,0,0,0,0,0,0,0.03,0.32,0.26,66
430,1.2,1.611,0.656,1.02,0.51,0.22,0,0.4,1.3,0,0,0.006,0,0,0,0.11,0,0,38
431,1.21,1.34,1.43,0.51,0.51,0,0.4,0,0,0,0,0.08,0,0,0,0,0,0,42
432,0.26,1.102,2.05,0.78,0,0.93,0.85,0,0,0.01,0,0.02,0,0,0,0,0,0,52
433,0.15,0.555,1.44,0.55,0,1.7151,0.15,0.52,0,0,0,0.01,0,0,0,0,0.15,0,58
434,0.22,0.61,1.13,0.17,0,0,0.1,0,0.65,0,0,0,0,0,0,0,0,0,58
435,0.635,0.56,1.92,0.45,0.33,0.298,0,0.15,0.15,0,0,0.08,0,0,0,0,0,0,40
436,0.66,1.1612,0.85,0,0,0,0.82,0,0.52,0,0.12,0,0.32,0,0,0.3,0,0.5,50
437,0,1.11,0.651,0,0.51,0.65,0.164,0,0,0,0.11,0.15,0.15,0,0,0,0,0.158,28
438,0.15,0,0.621,0,0.66,1.176,0.513,0.62,0,0,0,0,0,0.32,0,0,0,0,74
439,0,0.55,0,0,0.63,0.5,0,0.5,0.1,0,0,0,0,0.15,0,0,0,0,72
440,0,0.52,0,0,0.62,0.26,0,0.6,0.18,0,0,0,0,0.55,0,0.15,0.516,0.15,64
441,0.762,0.15,0.15,0,0,1.086,0.63,0,0,0,0.04,0.02,0.32,0.15,0,0,0,0,54
442,1.253,0.53,0.3,0,0.22,1.14,0,0,0,0,0,0,0.216,0,0,0,0,0,64
443,0,0.765,0.63,0,0,0.63,0,0.84,0,0,0,0,0.51,0,0.36,0,0,0,66
444,0.32,0.975,0.89,0,0.5,1.25,0,0.63,0,0,0,0,0.66,0,0.15,0.52,0,0,56
445,0.872,0,0.941,0,0.15,0.85,0,0.12,1.061,0.23,0.51,0,0,0.51,0.565,0,0.612,0,18
446,0.6,1.38,1.71,0.41,0,1.85,0.5,0.62,0.05,0.1,0,0.06,0,0.51,0,0,0,0,30
447,0,0.66,0.87,0,0,1.73,0,0.51,0,0,0.1,0,0,0,0,0.52,0,0,56
448,0.25,1.2551,0.75,0,1.02,0,0,0,0,0,0,0,0,0.33,0,0,0.16,0,72
449,0.11,0.93,1.37,0,0,0,0.3,0.32,0.52,0.14,0,0,0.32,0.15,0,0,0.16,0,42
450,0.77,0,0.846,0,0.11,0.5621,0,0,0,0.15,0,0,0.32,0.515,0.55,0,0.062,0,50
451,0.51,0.95,0.15,0,0.15,0.18,0,0.5,0.1,0,0,0.156,0.055,0.2,0,0,0.15,0,34
452,0.062,0.265,0.38,0,0,0,0,0,0,0.05,0.01,0,0.85,0,0,0,0,0,70
453,1.186,0,0.51,0,0,1.14,0.15,0.32,0,0,0,0,0,0,0,0,0,0,72
454,0.12,0.52,1.81,0,0.15,0,0,0,0,0,0,0.05,0,0,0,0,0,0,50
455,0.62,0.91,1.69,0.11,0.33,0,0,0.35,0.61,0,0,0,0,0,0.51,0,0,0,40
456,0.85,0.32,3.05,0.15,0,0.615,0.12,0.3,0,0.01,0.08,0.1,0,0,0,0,0,0,28
457,0,0.66,1.28,0,0.145,0,0,0.12,0,0,0,0,0,0,0,0,0,0.644,62
458,0.52,0.15,2.22,0,1.37,1.21,0,0.541,0.18,0,0,0,0.52,0.05,0.52,0,0,0,48
459,0.825,0,1.49,0,0.55,0.74,0,0,0.15,0,0.08,0,0,0,0.02,0,0,0,54
460,0.2,1.232,1.6,0,0.5665,0.61,0,0,0.5,0.01,0,0,0,0,0.5,0,0,0.656,48
461,0.49,0.44,2.16,0.36,0.78,0.85,0,0.55,0.562,0,0,0,0.15,0,0.63,0,0,0,58
462,0.495,0,1.46,0,0.4566,0.45,0,0.51,0.145,0,0,0.02,0,0.33,0.621,0,0,0.61,38
463,0,2.28,1.391,0,0.1,0.77,0.32,0.514,0,0.08,0,0,0,0,0.15,0,0,0,58
464,2.03,2.5415,0.48,0.51,0,0,0,0.7,0,0.15,0,0,0.33,0,0,0,0,0,62
465,0.32,2.041,1.18,0,0,0,0,1.02,0,0,0,0.064,0,0.15,0,0,0,0,46
466,0,2.64,0,0,0,2.13,0.52,0.51,0,0.15,0,0,0,0,0.51,0,0,0,48
467,1.45,1.315,0.36,0,0.6,0.47,0,0,0,0,0,0,0,0,0.52,0,0,0,64
468,0.51,1.031,1.27,0.62,0,0.25,0.45,0,0,0,0,0,0.01,0.05,0.5,0,0,0,64
469,0,0.52,0.51,0,0.45,0.63,0,0.85,0,0,0,0,0.045,0,0.51,0,0,0,60
470,1.48,1.34,0.99,0,0.585,0.711,0,0.1625,0,0,0,0,0,0.11,0.015,0,0,0,64
471,1.765,0,1.82,0.15,0.956,0,0,0.15,0,0,0,0,0,0,0,0,0,0,76
472,0.552,0,1.35,0,0.345,0,0.65,0.55,0,0,0,0,0,0,0,0,0,0,78
473,0.78,0.62,1.35,0.51,0,0.21,0,0.84,0,0.62,0,0,0,0.003,0,0,0,0,44
474,1.015,0,0.78,0,0,0,0,0.74,0,0,0,0,0,0,0.015,0,0,0,86
475,1.23,0,0.85,0,0,0,0.855,1.02,0,0,0,0.001,0,0,0,0,0,0,82
476,1.73,0.51,1.48,0.15,0,0,0,0.45,0,0,0,0,0,0,0,0,0,0,84
477,0.11,0.87,0.15,0,0.12,0.11,0.11,0.65,0,0,0,0,0,0,0,0,0,0,78
478,0.41,0.32,0,0.2,0,0.23,0,0,0,0,0.007,0,0,0,0,0,0,0,84
479,0.26,0.3,0,0,0.65,0.32,0.1,0.2,0,0,0,0,0,0,0,0,0,0,78
480,0,0,0.32,0,0,0,0.15,0.1,0,0,0,0,0,0,0,0,0,0,86
481,0.32,0.1,0.32,0,0,0.63,0,0.32,0,0,0,0,0.04,0,0.15,0,0,0,82
482,0,0.29,0.11,0.32,0,0.3,0.32,0,0,0,0,0,0,0,0,0,0,0,88
483,0.242,0.33,0.14,0,0,0,0,0,0.4,0,0,0,0,0,0,0,0,0,82
484,0,0.1,0,0,0.15,0.15,0,0.41,0.1,0.01,0,0,0,0,0,0,0,0,80
485,0,0.11,0,0,0.1,0.42,0,0,0,0,0,0.002,0,0,0,0,0,0,82
486,0.15,0,0,0,0,0.37,0,0.17,0,0,0,0,0.32,0,0,0,0,0,84
487,0.25,0.52,0.1,0,0.1,0,0,0.11,0,0,0,0,0,0,0,0.01,0.05,0,84
488,0,0,0,0.45,0,0.15,0,0,0,0,0,0,0,0,0.52,0,0,0,76
489,0,0.42,0.07,0.015,1.53,0,0,0,0.156,0,0,0,0,0,0,0,0,0,86
490,0,0.51,0,0,0,0,0,0.61,0,0.008,0,0,0,0,0,0,0,0,86
491,0,0,0.721,0,0,0.1,0,0,0,0,0,0.003,0,0,0,0,0,0,84
492,0,0,0,0,0.3,0,0.26,0.5,0,0,0,0,0.1,0,0,0,0,0,78
493,0.77,0.3,0,0,0,0.51,0,0.21,0,0,0.001,0,0,0,0,0,0,0,84
494,0.51,0,0,0.35,0.6,0.12,0,0.1,0,0,0,0,0,0,0.52,0,0,0,72
495,0.2,0.32,0,0,0,0,0,0,0.512,0,0,0,0,0,0,0,0,0,86
496,0,0.1,0.1,0,0,0,0,0.04,0,0.009,0,0,0,0,0,0,0,0,76
497,0.1,0.2,0,0.5,0,0.521,0,0.36,0,0.1,0,0.01,0,0,0,0,0,0,58
498,0.51,0,0.21,0,1.04,0,0,0,0,0,0,0,0,0,0,0,0,0,88
499,0,0.16,0.5,0,0.1,0,0.41,0,0.1,0,0.004,0,0,0,0,0,0,0,70
500,0,0,0.55,0,0,0.32,0,0.08,0,0,0,0,0,0,0,0,0,0,90
501,0.27,0,0,0.1,0,0.2,0,0,0,0,0,0,0,0,0,0,0,0,90
502,0,0.232,0.2,0,0,0,0,0,0,0,0.05,0,0,0,0,0,0,0,72
503,0.2,0,0.1,0,0.656,0.516,0,0.1,0,0,0,0,0,0,0,0,0,0,78