AC1,AC2,AC3,BE1,BE2,BE3,D1,D2,D3,F1,F2,F3,G1,G2,G3,H1,H2,H3,PCI
0.0,3.8,0.0,0.32,0.0,0.0,0.0,0.0,0.0,0.0,0.0,1.01,0.0,0.0,0.0,0.0,0.0,1.55,36.0
0.0,1.59,0.0,1.7,0.0,0.0,0.0,0.0,0.0,0.0,0.0,0.09,0.0,0.0,0.0,2.22,0.0,1.25,56.0
0.0,0.93,0.0,0.75,3.64,0.0,0.74,0.0,0.0,0.0,0.0,0.6,0.0,0.0,0.26,0.0,0.0,0.33,46.0
0.0,11.97,2.99,0.0,1.22,0.0,0.0,0.43,0.0,0.0,0.25,0.0,0.0,0.0,0.0,0.0,2.97,0.0,45.0
0.0,1.33,0.0,0.0,0.0,0.01,0.0,0.0,0.0,0.0,0.0,0.0,0.0,0.0,0.0,0.0,0.32,0.0,87.0
0.0,0.21,0.0,0.93,1.04,0.0,0.0,0.0,0.0,0.0,0.09,0.0,0.0,0.0,0.04,0.0,0.0,0.32,56.0
0.0,1.52,0.0,0.0,0.74,0.0,0.21,0.0,0.0,0.0,0.0,0.0,0.0,0.0,0.0,0.0,2.54,0.0,64.0
0.0,1.37,0.0,0.0,0.0,0.0,0.0,0.0,0.0,0.0,0.0,0.0,0.0,0.32,0.0,0.0,0.0,0.0,75.5
0.0,0.17,0.0,0.0,1.0,0.0,0.0,0.0,0.0,0.0,0.03,0.0,0.0,0.0,0.11,0.0,0.0,0.45,68.0
0.0,4.65,0.0,0.0,0.0,0.0,0.0,0.0,0.0,0.0,0.0,0.34,0.6,0.0,0.0,0.0,0.0,0.0,53.0
0.0,0.0,0.0,0.0,0.0,0.0,0.0,0.0,0.0,0.0,0.0,0.0,0.0,0.0,0.0,0.0,0.0,0.0,100.0
0.0,0.24,0.16,0.0,1.2,1.03,0.0,0.0,0.82,0.0,0.02,0.0,0.0,0.0,0.0,0.0,0.0,0.0,69.0
0.0,3.35,0.0,0.0,0.0,0.0,0.45,0.0,0.0,0.0,0.0,0.52,0.0,0.0,0.0,0.0,0.0,0.0,56.0
0.0,2.28,0.0,0.0,0.61,0.0,0.0,0.0,0.0,0.0,0.09,0.0,0.0,0.0,0.0,0.0,0.0,0.0,62.0
0.0,0.55,0.0,0.0,0.0,1.28,0.0,0.5,0.0,0.0,0.22,0.0,0.0,0.0,0.0,0.0,0.0,0.0,75.0
0.0,0.37,0.0,0.0,0.0,0.0,0.0,0.0,0.0,0.0,0.0,0.2,0.0,0.0,0.0,0.0,1.57,0.0,70.0
2.06,0.0,0.0,0.0,0.0,0.0,0.0,0.0,0.0,0.0,0.0,0.0,0.0,0.0,0.0,0.0,0.0,0.0,99.0
0.42,2.128,0.0,0.6,5.6,0.96,0.0,0.212,0.0,0.0,0.0,0.0,0.56,0.0,0.0,0.0,3.08,0.6,56.0
0.0,2.086,3.36,0.0,0.88,0.96,0.0,0.46,0.0,0.0,0.0,0.0,0.0,0.9,0.0,0.0,1.4,0.18,48.0
2.28,0.992,0.204,0.0,3.21,0.0,0.18,0.412,0.0,0.0,0.0,0.0,0.82,0.0,0.84,0.0,3.2,0.8,52.0
0.0,1.34,0.0,1.22,1.72,1.44,0.0,0.408,0.0,0.0,0.4,0.0,0.0,1.62,0.0,0.0,0.6,0.0,52.0
0.0,1.232,0.42,0.0,2.424,1.34,0.0,0.0,1.074,0.0,0.0,0.12,0.0,0.0,0.64,0.0,0.0,0.0,28.0
0.0,0.86,1.63,2.4,0.0,2.84,0.0,1.33,0.0,0.0,0.0,0.0,0.0,0.0,0.42,0.0,0.0,3.08,45.0
1.842,0.0,1.28,0.0,1.96,0.0,0.0,0.0,0.0,0.0,0.0,0.0,0.0,0.0,0.82,0.0,2.42,0.0,50.0
1.22,1.84,0.42,0.0,1.22,0.82,0.0,0.0,0.0,0.0,0.0,0.0,0.0,0.0,0.0,0.0,0.92,0.2,62.0
0.0,0.0,1.82,0.0,1.5,0.0,0.0,0.28,0.08,0.0,0.42,0.0,0.0,0.0,0.0,2.4,2.2,1.2,24.0
1.62,1.86,0.62,0.0,0.0,0.0,0.0,0.0,0.0,0.0,0.0,0.0,0.0,0.0,0.0,1.2,1.2,0.0,64.0
2.4,0.0,0.84,0.0,0.0,0.0,0.0,0.0,0.0,0.0,0.0,0.0,0.0,0.0,0.0,0.0,0.6,2.8,58.0
0.0,0.0,1.82,0.0,0.52,0.0,0.68,0.0,3.2,0.0,0.0,0.0,0.0,0.0,0.0,0.0,0.0,0.4,43.0
0.0,3.32,1.78,0.0,1.2,0.0,0.0,0.0,0.0,0.0,0.0,0.0,0.0,0.0,0.0,0.0,0.72,0.0,56.0
0.0,1.36,2.48,0.0,1.28,2.42,0.72,0.52,0.0,0.0,0.62,0.0,0.0,0.0,0.0,0.0,2.48,0.0,20.0
1.32,4.9,0.0,0.0,1.2,2.84,0.8,1.72,0.0,0.0,0.0,0.0,0.0,1.22,0.0,0.0,0.0,0.0,60.0
0.6,1.2,0.8,0.8,0.0,0.0,0.92,0.6,0.0,0.0,0.0,0.24,0.0,0.0,0.0,0.0,0.0,0.0,28.0
0.0,0.58,1.72,0.0,0.0,2.4,0.0,2.2,0.0,0.0,0.0,0.12,0.0,0.0,0.0,0.0,2.48,0.0,28.0
0.92,0.0,1.34,0.0,1.22,1.72,0.0,0.0,0.408,0.52,0.0,0.4,0.0,0.0,1.62,0.0,0.0,0.6,8.0
0.0,0.6,2.6,0.0,3.2,2.3,0.0,0.0,0.8,0.0,0.0,0.2,0.0,0.0,0.0,0.0,2.6,0.0,16.0
0.0,2.4,0.6,2.0,4.2,0.0,0.0,0.0,1.55,0.0,0.0,0.0,0.0,0.0,0.0,0.0,0.0,0.0,48.0
0.0,0.0,4.4,0.0,0.0,0.0,0.0,0.0,0.4,0.0,0.0,0.0,0.0,0.0,2.0,0.0,0.0,0.0,36.0
0.0,1.1,0.0,0.0,0.0,2.6,0.0,2.0,0.0,0.0,0.9,0.0,0.0,0.0,0.0,0.0,0.0,0.0,10.0
3.0,0.0,3.2,0.0,0.45,0.0,0.0,1.5,0.0,0.0,0.0,0.0,0.0,0.0,0.0,0.0,0.0,0.0,50.0
0.6,1.45,0.0,0.0,0.0,0.0,1.5,2.6,0.0,0.0,0.0,0.0,0.0,0.0,0.0,0.0,0.0,0.0,62.0
0.0,0.5,1.8,0.0,0.4,0.0,1.8,0.0,0.0,0.0,0.0,0.0,0.0,0.0,0.6,0.0,2.6,0.0,40.0
0.0,2.0,0.0,0.0,0.0,2.6,0.6,0.0,0.0,0.0,0.0,0.0,0.0,0.0,0.0,0.0,1.5,0.0,68.0
0.0,0.6,1.2,0.0,1.2,0.0,1.3,0.0,0.0,0.0,0.0,0.6,0.0,0.0,0.0,0.0,0.0,0.0,4.0
0.0,0.9,1.9,0.0,0.0,0.0,0.9,0.0,0.0,0.0,0.5,0.0,0.0,0.0,0.0,0.0,0.0,0.0,26.0
1.6,1.93,0.5,0.0,0.0,0.0,0.0,0.0,0.4,1.2,0.0,0.0,0.0,0.0,0.5,0.0,0.0,0.0,20.0
1.1,1.1,2.3,2.1,1.2,0.0,0.0,0.0,1.0,0.0,0.0,0.0,0.0,0.0,0.0,0.0,0.0,0.0,38.0
0.0,0.56,4.42,0.0,0.0,0.316,0.66,0.15,0.0,0.0,0.0,0.6,0.0,0.0,0.0,0.0,0.0,0.0,10.0
0.36,1.2,0.81,0.0,0.99,0.0,0.59,0.0,0.355,0.0,0.0,0.0,0.0,0.0,0.6,0.0,0.0,0.66,36.0
0.56,2.36,0.0,0.15,0.0,0.0,0.0,0.32,0.88,0.6,0.0,0.0,0.0,0.0,0.66,0.0,0.0,0.152,28.0
0.0,0.0,0.78,0.0,0.0,0.0,0.81,0.0,0.0,0.0,0.0,0.0,0.0,0.0,0.0,0.0,0.15,0.0,82.0
1.43,0.0,1.2,0.0,0.65,0.0,0.0,0.0,0.0,0.0,0.0,0.0,0.0,0.23,0.0,0.0,0.0,0.65,60.0
0.65,1.21,0.0,0.0,0.0,0.0,0.0,1.46,0.66,0.0,0.0,0.0,0.0,0.0,0.0,0.0,0.0,0.15,58.0
1.16,1.22,0.772,0.155,0.15,0.0,0.0,0.3,0.0,0.0,0.0,0.0,0.2,0.0,0.0,0.0,0.778,0.0,84.0
1.4,2.3,2.12,0.0,0.0,0.0,0.65,0.0,0.0,0.0,0.0,0.0,0.0,0.0,0.6,0.0,0.0,0.0,50.0
1.5,4.81,2.4,1.4,1.4,0.0,1.7,0.0,0.0,2.1,0.15,0.0,0.0,0.0,0.5,0.0,0.0,0.0,16.0
1.1,1.96,3.75,0.0,1.05,0.0,0.0,0.0,0.96,0.0,0.09,0.0,0.0,0.0,0.0,0.0,0.0,0.0,38.0
0.0,3.6,0.15,0.0,0.0,0.0,0.0,0.0,0.14,0.0,0.0,0.0,0.0,0.0,0.0,0.0,0.0,0.0,64.0
0.54,2.2,0.96,0.0,0.0,4.56,0.78,0.0,0.0,0.0,0.15,0.0,0.0,0.0,0.0,0.0,0.0,0.0,44.0
0.4,0.0,3.15,0.0,1.1,0.0,0.0,0.9,0.0,0.0,0.06,0.0,0.0,0.0,0.0,0.0,0.0,0.0,66.0
0.0,0.0,1.4,0.0,0.0,1.5,0.15,0.0,0.0,0.0,0.0,0.0,0.0,0.0,0.0,0.0,1.3,0.0,62.0
0.0,2.1,0.0,0.0,0.0,1.1,0.15,0.25,0.45,0.0,0.0,0.0,0.0,0.15,0.0,0.0,0.0,0.0,54.0
1.2,0.7,0.25,0.0,1.2,0.0,0.78,0.0,0.45,1.2,0.05,0.0,0.0,0.0,0.0,0.0,0.2,0.3,32.0
1.02,0.5,4.06,0.0,0.0,2.1,0.17,0.11,0.0,0.0,0.0,0.0,0.0,0.0,0.52,0.0,0.0,0.0,46.0
0.9,1.05,0.0,0.0,2.1,0.0,0.0,0.0,0.65,0.0,0.0,0.0,0.0,0.26,0.0,0.0,0.0,0.0,86.0
0.0,0.9,1.35,0.0,0.0,0.2,0.0,0.0,0.12,0.0,0.15,0.0,0.0,0.0,0.0,0.0,0.52,1.3,33.0
0.0,1.0,1.43,0.0,0.6,1.3,0.51,0.0,0.15,0.0,0.0,0.0,0.0,0.0,0.0,0.0,0.0,0.0,55.0
2.4,1.5,0.0,0.0,0.0,0.0,0.0,0.0,0.0,0.0,0.0,0.0,0.0,0.0,0.26,0.45,0.0,0.26,68.0
0.12,3.1,0.0,0.0,0.8,0.5,0.0,0.06,0.104,0.0,0.0,0.0,0.0,0.156,0.0,0.0,0.0,0.0,64.0
1.0,1.2,1.27,0.0,0.0,0.0,0.0,0.35,0.31,0.01,0.08,0.0,0.0,0.0,0.0,0.0,1.5,0.0,52.0
0.9,0.42,0.75,0.0,0.0,0.7,0.0,0.55,0.0,0.0,0.0,0.0,0.0,0.0,0.65,0.0,0.0,0.0,64.0
0.577,1.7,0.15,0.0,0.4,0.6,0.0,0.23,0.8165,0.23,0.01,0.0,0.0,0.21,0.0,0.0,0.0,0.0,52.0
0.23,1.32,1.83,0.0,0.11,0.0,0.25,0.0,2.22,0.0,0.0,0.0,0.0,0.0,0.0,0.0,1.2,0.0,52.0
1.1,2.5,0.81,0.0,0.0,0.0,0.0,0.366,0.0,0.12,0.0,0.0,0.0,0.0,0.0,0.12,0.0,0.6,56.0
0.0,1.49,1.03,0.0,0.4,0.7,0.0,0.3,0.16,0.0,0.0,0.0,0.0,0.0,0.08,0.0,0.15,0.0,50.0
0.0,2.0,0.0,0.0,0.5,0.65,0.56,0.0,0.99,0.18,0.0,0.0,0.0,0.12,0.0,0.0,0.0,0.0,42.0
1.25,1.8,0.89,0.0,0.32,0.0,0.0,0.66,0.5,0.0,0.06,0.0,0.0,0.0,0.0,0.0,0.15,0.0,60.0
1.2,1.1,3.33,0.0,1.4,0.0,0.0,0.79,0.0,0.0,0.0,0.0,0.0,0.0,0.0,0.0,0.0,0.0,57.0
0.0,1.63,1.25,0.0,0.0,1.46,0.0,0.89,1.92,0.16,0.0,0.0,0.0,0.0,0.45,0.0,0.0,0.0,26.0
1.5,0.23,0.5,0.0,0.6,0.45,0.12,0.32,1.19,0.0,0.0,0.0,0.0,0.13,0.0,0.0,0.62,0.0,58.0
0.4,3.76,2.77,0.0,0.83,0.0,0.0,0.0,0.0,0.0,0.01,0.0,0.0,0.0,0.0,0.26,0.46,0.0,60.0
0.0,0.0,0.4,0.15,0.7,0.9,0.0,0.23,0.0,0.6,0.0,0.0,0.0,0.0,0.0,0.0,0.0,0.0,45.0
0.0,0.0,1.96,0.0,0.0,1.5,0.0,1.16,1.35,0.0,0.0,0.0,0.0,0.0,0.23,0.0,0.0,0.0,36.0
0.0,1.8,1.79,0.0,0.0,0.0,0.0,0.0,1.85,0.0,0.02,0.0,0.0,0.48,0.0,0.0,0.0,0.0,50.0
0.056,1.42,0.65,0.0,2.118,2.4,0.23,0.0,0.0,0.05,0.02,0.0,0.0,0.0,0.0,0.78,0.0,0.0,52.0
0.0,1.9,0.0,0.0,2.6,1.45,0.0,0.15,0.74,0.0,0.0,0.0,0.0,0.0,0.48,0.0,0.0,0.0,46.0
0.0,0.6,4.1,0.0,0.0,0.0,0.0,0.66,0.0,0.26,0.0,0.0,0.0,0.0,0.0,0.0,0.0,0.0,38.0
0.0,1.515,0.0,0.89,1.1,2.1,0.0,0.22,0.95,0.0,0.05,0.0,0.0,0.95,0.0,0.0,0.0,0.0,48.0
0.0,1.35,2.0,0.0,0.0,1.8,0.0,0.45,0.56,0.3,0.0,0.0,0.0,0.0,0.0,0.0,1.26,0.0,42.0
0.15,0.8,0.0,0.0,0.0,2.05,0.78,0.66,0.0,0.0,0.0,0.0,0.12,0.0,0.0,0.0,0.0,0.0,87.0
0.0,0.6,1.12,0.0,0.0,1.5,0.0,0.0,0.23,0.0,0.09,0.0,0.0,0.0,0.0,0.0,0.0,0.0,52.0
0.0,0.56,0.58,0.0,0.0,1.2,0.0,0.65,0.12,0.15,0.0,0.0,0.0,0.0,0.45,0.0,1.25,0.0,40.0
0.0,0.08,0.0,0.23,0.0,0.45,0.0,0.1,0.0,0.0,0.0,0.0,0.0,0.0,0.0,0.0,0.0,0.0,92.0
0.95,0.9,12.5,0.0,1.22,0.0,0.15,2.6,0.15,0.0,0.15,0.0,0.0,0.15,0.0,0.0,0.0,0.0,22.0
0.0,0.0,0.78,0.0,0.0,0.81,0.0,0.0,0.12,0.065,0.0,0.0,0.0,0.0,0.05,0.9,0.4,0.56,54.0
0.0,0.66,0.0,0.0,0.0,0.0,0.0,0.8,0.0,0.0,0.0,0.0,0.0,0.0,0.0,0.0,0.0,0.0,76.0
0.0,0.0,1.84,1.4,0.66,1.05,0.0,0.78,0.0,0.0,0.26,0.0,0.0,0.0,0.0,0.0,0.0,0.0,38.0
0.0,0.0,0.0,0.0,0.0,0.0,0.0,0.0,0.26,0.0,0.0,0.0,0.0,0.0,0.65,0.0,0.0,0.0,64.0
0.0,0.98,0.0,0.0,0.15,0.0,0.0,0.9,0.0,0.156,0.0,0.0,0.0,0.0,0.0,0.0,0.0,0.0,70.0
0.45,0.0,0.95,1.115,0.0,0.45,0.0,0.0,0.0,0.0,0.22,0.0,0.0,0.0,0.0,0.0,0.0,0.0,44.0
0.0,0.0,0.0,0.0,0.0,0.0,0.0,0.01,0.13,0.98,0.0,0.0,0.0,0.156,0.48,0.0,0.0,0.0,64.0
0.665,3.05,0.995,0.0,0.11,0.0,0.0,0.0,0.0,0.0,0.15,0.0,0.0,0.0,0.0,0.0,0.0,0.0,34.0
0.0,0.0,0.0,0.56,0.0,0.0,0.0,0.0,0.0,0.0,0.0,0.0,0.0,0.0,0.0,0.0,0.0,0.0,100.0
0.0,0.45,0.7,2.77,0.55,0.56,0.0,0.796,1.28,0.0,0.12,1.2,0.0,0.0,0.11,0.48,0.0,0.0,34.0
0.6,1.12,2.53,0.0,1.56,0.23,0.0,0.26,0.32,0.05,0.06,0.01,0.0,0.0,0.12,0.23,0.0,0.26,34.0
0.73,0.0,0.23,0.0,0.26,2.3,0.43,0.0,0.0,0.0,0.0,0.0,0.0,0.2,0.0,0.0,0.0,0.0,82.0
0.66,0.0,0.5,0.15,0.5,0.0,0.0,0.0,0.0,0.1,0.0,0.03,0.0,0.0,0.0,0.0,0.0,0.0,58.0
0.0,0.43,1.3,0.14,0.66,0.0,0.0,0.0,0.0,0.0,0.05,0.0,0.0,0.0,0.0,0.0,0.0,0.0,36.0
0.72,0.0,0.0,0.0,0.26,2.5,0.0,0.0,0.2,0.0,0.0,0.0,0.0,0.0,0.23,0.0,0.0,1.2,36.0
0.22,1.2,0.12,0.0,0.0,0.0,0.0,0.0,0.0,0.13,0.0,0.05,0.0,0.0,0.0,0.25,0.0,0.0,50.0
0.6,0.66,0.51,0.0,1.23,0.2,0.3,0.1,0.0,0.0,0.0,0.0,0.0,0.5,0.0,0.0,0.0,0.0,62.0
0.6,0.0,1.5,0.25,0.0,0.0,0.0,0.0,0.0,0.0,0.01,0.0,0.0,0.0,0.0,0.0,0.0,0.0,88.0
0.8,1.11,0.0,0.0,0.0,0.0,0.0,0.0,0.0,0.23,0.0,0.05,0.0,0.0,0.0,0.0,0.0,0.25,44.0
0.0,0.65,0.1,0.0,1.22,0.0,0.0,0.2,0.2,0.0,0.0,0.0,0.0,0.0,0.01,0.26,0.0,0.0,74.0
0.5,0.12,0.23,0.36,0.0,0.0,0.0,0.0,0.12,0.0,0.0,0.0,0.0,0.6,0.0,0.0,0.0,0.0,70.0
0.3,0.23,0.69,0.0,0.0,0.0,0.0,0.3,0.15,0.1,0.02,0.01,0.0,0.0,0.0,0.0,0.0,0.0,54.0
0.68,1.23,0.1,0.0,0.33,0.0,0.0,0.0,0.0,0.12,0.0,0.02,0.0,0.0,0.0,0.0,0.0,0.55,54.0
0.0,0.0,0.33,0.0,0.0,0.0,0.2,0.0,0.0,0.01,0.0,0.01,0.0,0.0,0.14,0.0,0.0,0.0,76.0
0.0,0.61,0.23,0.45,0.32,1.25,0.21,0.49,0.0,0.1,0.0,0.2,0.25,0.0,0.0,0.0,0.0,0.0,28.0
1.23,0.36,0.0,0.0,0.0,0.0,0.0,0.1,0.0,0.0,0.02,0.7,0.0,0.0,0.0,0.0,0.0,0.44,0.0
0.8,0.0,0.9,0.0,0.0,1.23,0.0,0.0,0.0,0.0,0.0,0.6,0.0,0.0,0.0,0.0,0.0,0.0,2.0
0.756,1.23,0.6,0.15,0.62,0.15,0.0,0.0,0.11,0.0,0.0,0.0,0.0,0.23,0.15,0.23,0.0,0.0,62.0
1.23,0.25,0.7,0.66,0.0,0.0,0.0,1.01,0.0,0.0,0.12,0.0,0.12,0.0,0.0,0.0,0.0,0.0,58.0
0.2,1.79,0.0,0.0,0.0,0.0,0.513,0.3,0.83,0.1,0.0,0.6,0.0,0.0,0.0,0.0,0.0,0.55,8.0
0.1,0.2,0.2,0.0,0.0,1.56,0.0,0.0,0.0,0.0,0.0,0.04,0.0,0.0,0.0,0.0,1.4,0.0,54.0
0.62,1.22,0.12,0.12,1.23,0.0,0.12,0.122,0.45,0.0,0.0,0.0,0.0,0.35,0.01,0.0,0.0,0.0,70.0
1.2,0.0,0.9,0.0,0.0,0.0,0.36,0.4,0.0,0.0,0.2,0.0,0.36,0.0,0.0,0.15,0.0,0.6,48.0
1.5,1.96,0.2,1.65,0.0,0.15,0.0,0.0,0.0,0.0,0.0,0.15,0.0,0.0,0.0,0.0,0.0,0.0,35.0
0.53,0.47,0.98,0.0,0.23,1.05,0.3,0.01,0.11,0.08,0.0,0.0,0.0,0.15,0.04,0.0,0.25,0.5,60.0
0.0,0.23,0.15,0.0,0.0,0.0,0.0,0.0,0.2,0.0,0.0,0.0,0.0,0.0,0.0,0.0,0.0,0.0,82.0
1.83,0.6,0.12,1.85,0.12,0.0,0.22,0.34,0.0,0.04,0.01,0.4,0.45,0.0,0.0,0.15,0.0,0.0,18.0
0.0,1.11,0.66,0.0,0.0,0.0,0.75,0.15,0.3,0.0,0.0,0.0,0.0,0.45,0.05,0.0,0.0,0.0,52.0
0.6,0.9,0.33,0.25,1.23,0.98,0.32,0.0,0.1,0.0,0.0,0.0,0.0,0.0,0.0,0.0,0.23,0.5,72.0
0.6,0.3,0.48,0.0,1.01,0.15,0.0,0.3,0.15,0.4,0.0,0.08,0.0,0.56,0.0,0.0,0.0,0.0,28.0
2.24,0.0,0.27,0.0,1.35,0.0,0.3,0.0,0.6,0.0,0.2,0.0,0.55,0.0,0.2,0.56,0.0,0.0,32.0
0.45,0.0,0.11,0.0,0.0,0.0,0.0,0.15,0.14,0.0,0.0,0.07,0.0,0.0,0.0,0.0,0.0,0.15,50.0
0.33,2.05,0.15,0.0,0.32,0.56,0.12,0.0,0.0,0.0,0.0,0.4,0.0,0.65,0.05,0.0,0.56,0.0,18.0
3.05,0.48,0.6,0.6,0.23,0.17,0.12,0.0,0.37,0.4,0.0,0.0,0.0,0.0,0.0,0.0,0.0,0.0,50.0
0.15,0.0,1.63,0.0,0.0,0.0,0.5,0.15,0.0,0.0,0.23,0.0,0.36,0.0,0.25,0.0,0.0,0.78,48.0
0.3,0.26,0.22,0.0,1.05,0.0,0.3,0.56,0.45,0.0,0.0,0.0,0.0,0.87,0.0,0.0,1.25,0.0,58.0
0.0,1.91,0.22,0.0,0.6,0.26,0.43,0.0,0.15,0.01,0.0,0.3,0.0,0.0,0.0,0.0,0.0,0.0,16.0
0.856,0.0,1.13,1.3,0.6,0.0,0.0,0.22,0.0,0.0,0.0,0.0,0.2,0.79,0.15,0.0,0.0,0.15,74.0
0.0,0.23,1.05,0.1,0.25,0.56,0.0,0.0,0.0,0.0,0.03,0.0,0.0,0.0,0.0,0.0,0.33,0.0,60.0
0.38,0.33,0.16,0.0,0.18,0.45,0.0,0.0,0.17,0.0,0.0,0.2,0.0,0.0,0.0,0.0,0.0,0.0,30.0
1.0,1.25,0.645,0.66,0.23,0.0,0.2,0.5,0.0,0.0,0.0,0.0,0.0,0.99,0.19,0.0,0.0,0.5,56.0
0.61,1.7,0.6,0.0,0.66,0.66,0.0,0.21,0.48,0.01,0.32,0.0,0.0,0.0,0.0,0.0,1.0,0.0,38.0
0.37,0.0,1.05,1.455,0.23,0.0,0.0,0.0,0.45,0.0,0.0,0.1,0.0,0.0,0.0,0.0,2.3,0.0,24.0
0.8,0.8,0.33,0.0,0.62,0.0,0.0,0.3,0.15,0.0,0.0,0.0,0.0,0.15,0.56,0.0,0.0,0.5,50.0
0.0,0.2,0.3,1.25,0.35,0.6,0.0,0.0,0.0,0.0,0.0,0.0,0.0,0.0,0.0,0.0,0.0,0.0,86.0
0.23,0.45,1.81,0.0,0.2,0.0,0.33,0.0,0.69,0.0,0.01,0.4,0.25,0.0,0.0,0.0,0.25,0.0,14.0
0.6,0.16,0.0,0.0,0.2,0.0,0.0,0.12,0.19,0.0,0.0,0.0,0.0,0.0,0.0,0.0,0.0,0.5,68.0
0.45,0.14,0.0,0.0,0.9,1.0,0.0,0.25,0.2,0.01,0.0,0.0,0.0,0.0,0.0,0.0,0.0,0.0,62.0
0.0,1.2,0.0,1.22,0.15,0.0,0.0,0.1,0.63,0.0,0.0,0.0,0.22,0.0,0.0,0.0,0.455,0.0,54.0
0.0,0.0,0.48,0.0,0.0,0.0,0.0,0.0,0.5,0.0,0.13,0.0,0.0,0.0,0.0,0.0,0.0,0.5,60.0
0.52,0.0,0.0,0.0,0.0,0.0,0.0,0.0,0.0,0.05,0.0,0.0,0.0,0.0,0.0,0.0,0.0,0.0,86.0
0.22,0.5,0.0,0.0,0.03,0.23,0.0,0.22,0.0,0.0,0.0,0.0,0.5,0.0,0.0,0.0,0.0,0.0,86.0
0.0,0.0,0.0,0.0,0.15,0.0,0.0,0.0,0.0,0.0,0.0,0.0,0.0,0.0,0.0,0.0,0.0,0.12,94.0
0.6,0.23,0.6,0.0,0.2,0.0,0.0,0.76,0.0,0.04,0.0,0.0,0.0,0.0,0.0,0.0,0.0,0.0,80.0
0.6,0.0,0.0,0.0,0.0,0.45,0.0,0.0,0.0,0.0,0.25,0.0,0.0,0.0,0.0,0.0,0.0,0.0,44.0
0.0,0.0,0.0,0.0,0.26,0.0,0.0,0.0,0.23,0.0,0.0,0.0,0.0,0.0,0.0,0.0,0.0,0.0,91.0
0.0,0.3,0.6,0.6,0.0,0.4,0.0,0.0,0.2,0.0,0.12,0.0,0.0,0.0,0.0,0.0,0.0,0.08,56.0
1.5,2.4,0.0,0.1,1.2,0.1,0.0,0.0,0.0,0.0,0.01,0.05,0.0,0.0,0.0,0.0,0.0,0.0,44.0
2.18,1.2,0.605,0.0,0.84,0.78,0.3,0.12,0.53,0.15,0.0,0.06,0.15,0.0,0.63,0.66,0.0,0.8,28.0
0.0,0.99,1.59,0.0,1.9,2.96,0.22,0.7,0.23,0.0,0.06,0.0,0.0,0.23,0.0,0.0,0.0,0.0,38.0
0.0,0.56,0.85,0.0,0.0,0.66,0.0,0.0,0.0,0.0,0.0,0.0,0.23,0.0,0.66,0.0,0.0,0.0,58.0
1.29,0.6,0.0,0.0,0.0,0.8,0.0,0.75,0.0,0.0,0.0,0.0,0.0,0.0,0.0,0.0,0.0,0.0,74.0
0.0,0.6,0.473,0.0,0.56,0.65,1.91,0.25,0.0,0.26,0.0,0.0,0.0,0.0,0.0,0.0,0.0,0.6,32.0
0.0,0.25,0.65,0.0,0.0,0.78,0.23,0.26,0.0,0.0,0.02,0.0,0.0,0.0,0.15,0.0,0.0,0.0,74.0
0.0,0.95,1.1,0.0,1.6,0.0,0.23,0.6,0.8,0.0,0.0,0.1,0.0,0.0,0.0,0.0,0.0,0.0,18.0
0.6,0.0,0.56,0.0,1.2,0.0,0.0,1.13,0.0,0.0,0.0,0.0,0.0,0.0,0.0,0.0,0.0,0.0,76.0
0.45,0.0,0.0,0.0,0.23,0.0,0.32,0.62,0.556,0.31,0.0,0.0,0.0,0.0,0.0,0.0,0.45,0.0,48.0
0.0,1.46,1.16,0.0,0.0,0.69,0.1,0.3,0.26,0.0,0.03,0.0,0.3,0.3,0.0,0.0,0.0,0.45,50.0
0.0,0.65,1.8,0.0,2.1,0.0,0.21654,0.23,0.6,0.0,0.0,0.0,0.0,0.0,0.23,0.0,0.0,0.0,40.0
0.62,0.66,0.662,0.0,0.0,0.54,0.51,0.6,0.0,0.0,0.0,0.08,0.0,0.0,0.0,0.451,0.0,0.0,42.0
0.23,1.44,1.21,0.0,0.96,0.6,0.0,0.37,0.62,0.0,0.0,0.0,0.0,0.0,0.0,0.0,0.645,0.0,54.0
0.0,1.1,0.94,0.0,0.8,1.23,0.0,0.0,1.03,0.18,0.04,0.0,0.0,0.0,0.0,0.0,0.0,0.69,28.0
0.0,0.0,0.26,0.0,0.6,0.0,1.23,0.0,0.0,0.0,0.0,0.0,0.0,0.12,0.455,0.12,0.0,0.0,72.0
1.73,1.6,0.26,0.0,0.0,0.5,0.15,0.63,0.123,0.0,0.0,0.0,0.0,0.0,0.0,0.0,0.0,0.0,66.0
0.89,0.0,0.63,0.0,2.75,0.0,0.0,0.85,0.717,0.0,0.0,0.06,0.15,0.22,0.0,0.0,0.66,0.0,26.0
0.0,0.0,2.14,1.23,0.0,1.22,0.7,0.0,0.12,0.66,0.0,0.0,0.0,0.0,0.0,0.66,0.0,0.0,60.0
0.78,1.475,0.0,0.0,0.9,0.5,0.63,0.42,0.323,0.0,0.05,0.0,0.0,0.0,0.45,0.0,0.0,1.23,36.0
0.0,1.3,0.0,0.0,2.1,0.0,0.0,0.03,1.3,0.0,0.0,0.0,0.0,0.15,0.0,0.15,0.0,0.0,40.0
0.66,0.0,0.6656,0.0,0.11,0.54,0.0,0.0,0.0,0.0,0.0,0.0,0.0,0.0,0.0,0.0,0.66,0.0,4.5
0.6,1.12,0.15,0.0,0.0,0.23,0.23,0.22,0.14,0.0,0.06,0.12,0.0,0.0,0.0,0.0,0.0,0.0,36.0
0.71,0.6,0.0,0.0,2.16,0.512,0.0,0.76,0.6,0.0,0.0,0.0,0.0,0.0,0.99,0.85,0.0,1.56,48.0
0.25,0.54,1.15,0.0,0.6,0.0,0.9,0.26,0.0,0.3,0.0,0.0,0.66,0.0,0.0,0.11,0.0,0.0,52.0
0.27,0.55,0.6,0.0,0.0,3.75,0.215,0.71,0.0,0.0,0.07,0.0,0.0,0.55,0.0,0.0,0.18,0.0,58.0
0.653,0.33,0.74,0.0,0.85,0.81,0.32,0.96,0.72,0.0,0.0,0.0,0.0,0.0,0.6,0.0,0.0,0.0,62.0
0.3,0.0,1.05,0.0,1.23,0.0,0.0,0.68,0.0,0.0,0.0,0.26,0.0,0.0,0.0,0.0,0.0,0.96,20.0
0.37,2.175,0.066,0.0,0.3,0.0,0.056,0.11,0.22,0.0,0.0,0.0,0.0,0.0,0.0,0.17,0.0,0.0,72.0
0.6,0.0,0.765,0.0,0.85,0.51,0.656,0.6,0.15,0.0,0.08,0.0,0.0,0.0,0.96,0.0,0.6,0.0,50.0
0.0,0.77,1.8,0.0,0.65,0.0,0.9,0.74,0.0,0.3,0.0,0.0,0.0,0.0,0.0,0.0,0.0,0.0,40.0
1.65,0.75,0.11,0.0,0.0,0.99,0.29,0.0,0.1,0.0,0.0,0.14,0.0,0.33,0.0,0.0,0.0,0.66,32.0
0.0,0.23,0.0,0.0,0.58,0.26,0.0,0.0,0.23,0.0,0.0,0.0,1.2,0.0,0.33,0.23,0.14,0.0,58.0
0.0,0.96,0.606,0.0,0.0,0.0,0.0,0.482,0.06,0.0,0.09,0.0,0.0,0.0,0.0,0.0,0.0,0.0,58.0
0.85,0.71,1.325,0.0,0.66,0.49,0.1,0.0,0.0,0.0,0.0,0.0,0.0,0.0,0.0,1.25,0.0,0.0,62.0
0.74,1.12,0.56,0.0,1.14,0.0,0.816,2.28,0.0,0.09,0.0,0.11,0.3,0.0,0.74,0.0,0.0,0.66,28.0
0.705,0.0,0.0,0.0,0.0,2.212,0.0,0.0,0.06,0.0,0.0,0.0,0.0,0.0,0.0,0.32,0.47,0.0,82.0
0.0,0.63,1.38,0.0,0.0,0.25,0.126,0.0,0.0,0.0,0.1,0.0,0.0,0.33,0.0,0.0,0.0,0.0,56.0
0.516,0.9,0.55,0.0,2.336,1.245,0.0,0.0,0.56,0.0,0.0,0.0,0.33,0.0,0.17,0.0,0.0,0.0,60.0
0.56,0.5,1.73,0.0,0.5,0.45,0.32,0.0,0.0,0.0,0.0,0.0,0.48,0.0,0.0,0.6,0.0,0.0,60.0
0.0,1.1,2.938,0.0,1.48,1.83,0.216,1.05,1.1,0.8,0.11,0.0,0.0,0.66,0.0,0.0,0.455,0.78,12.0
0.0,0.0,1.6,0.0,1.35,0.0,0.0,0.0,0.0,0.6,0.0,0.06,0.66,0.0,0.23,0.55,0.0,0.0,20.0
0.165,0.12,0.5,0.0,0.48,0.0,0.0,0.0,0.4,0.0,0.0,0.0,0.0,0.0,0.0,0.0,0.0,0.0,70.0
0.65,1.2,1.53,0.0,1.0,0.5,0.51,0.0,0.0,0.0,0.33,0.0,0.0,0.0,0.32,0.0,0.65,0.0,24.0
0.4,0.0,0.15,0.0,0.45,0.0,0.0,0.0,0.0,0.0,0.0,0.0,0.6,0.45,0.0,1.33,0.0,0.0,78.0
1.0,0.15,0.8,0.0,0.33,1.98,0.15,0.0,0.44,0.0,0.0,0.08,0.0,0.3,0.0,0.47,0.0,0.0,38.0
0.36,0.0,1.1,0.0,0.0,0.0,0.36,0.85,0.0,0.0,0.0,0.0,0.0,0.3,0.0,0.0,0.6,0.0,66.0
0.15,0.48,0.32,0.0,1.2,0.0,0.66,0.0,0.0,0.0,0.0,0.148,0.0,0.0,0.0,0.0,0.0,0.0,34.0
0.0,0.0,0.0,0.0,0.564,0.0,0.69,0.8,0.7,0.0,0.0,0.0,0.0,0.0,0.0,0.0,0.0,0.0,92.0
0.0,0.63,0.0,0.0,2.6356,0.75,0.31,0.7255,0.2,0.0,0.0,0.0,0.0,0.33,0.0,0.0,0.0,0.0,64.0
0.0,0.06,0.0,0.0,0.31,0.88,0.1,0.426,0.21,0.0,0.0,0.0,0.0,0.0,0.32,0.6,0.0,0.0,68.0
0.05,0.0,0.756,0.0,0.31,0.0,0.68,0.0,0.23,0.0,0.0,0.0,0.0,0.0,0.0,0.0,0.0,0.0,86.0
0.12,0.6,0.42,0.0,0.06,0.66,0.0,0.0,1.17,0.01,0.0,0.0,0.0,0.3,0.0,0.0,0.0,0.0,40.0
0.21,1.05,0.45,0.0,0.0,0.12,0.3,0.66,1.21,0.0,0.0,0.0,0.0,0.0,0.0,0.23,0.0,0.0,54.0
0.0,0.14,0.98,0.66,0.32,1.42,0.66,0.36,0.0,0.0,0.0,0.0,0.0,0.0,0.0,0.0,0.0,0.0,66.0
0.0,0.9,0.3,0.0,0.23,0.76,0.0,0.3,0.91,0.0,0.0,0.0,0.0,0.33,0.0,0.23,0.0,0.0,50.0
0.1,0.49,0.3,0.0,0.7,0.09,0.147,0.0,0.6,0.005,0.0,0.0,0.0,0.0,0.0,0.0,0.0,0.8,46.0
0.515,0.0,0.28,0.68,0.0,1.62,0.362,0.0,0.0,0.0,0.165,0.0,0.0,0.0,0.165,0.0,0.51,0.0,74.0
0.0,0.0,0.0,0.15,0.0,0.11,0.66,0.66,0.0,0.0,0.0,0.0,0.0,0.0,0.0,0.0,0.28,0.0,82.0
0.05,0.32,0.0,0.0,1.46,0.0,0.0,1.24,0.0,0.0,0.0,0.0,0.0,0.0,0.0,0.0,0.0,0.0,74.0
0.15,0.459,0.63,0.0,0.0,0.4,0.0,0.63,0.15,0.0,0.0,0.0,0.0,0.0,0.15,0.33,0.0,0.0,84.0
0.874,0.26,0.15,0.0,0.6,0.85,0.0,0.16,0.0,0.007,0.0,0.0,0.0,0.0,0.0,0.0,0.0,0.0,74.0
0.56,0.5,1.26,0.66,0.0,0.08,0.0,0.48,0.0,0.0,0.0,0.0,0.0,0.0,0.0,0.0,0.0,0.0,82.0
0.45,1.036,0.22,0.0,2.6,0.0,0.74,0.58,0.345,0.0,0.0,0.0,0.0,0.0,0.0,0.0,0.0,0.0,78.0
0.0,0.321,0.0,0.0,0.75,0.23,0.0,0.0,1.0,0.66,0.0,0.0,0.0,0.23,0.15,0.56,0.0,0.6,58.0
0.0,0.0,0.0,0.55,0.33,0.64,0.21,0.55,0.05,0.0,0.0,0.0,0.0,0.15,0.66,0.0,0.66,0.0,66.0
0.0,0.0,0.32,0.0,0.0,0.2,0.12,0.0,0.23,0.09,0.02,0.02,0.11,0.23,0.0,0.11,0.12,0.0,46.0
1.2,0.0,0.0,0.23,0.0,0.0,0.2,0.12,0.0,0.04,0.0,0.02,0.0,0.0,0.0,0.0,0.22,0.3,62.0
0.0,1.11,0.0,0.11,0.67,0.77,0.0,0.2,0.23,0.04,0.09,0.0,0.0,0.0,0.22,0.15,0.0,0.0,40.0
0.98,0.0,0.0,0.26,1.42,0.0,0.12,0.212,0.0,0.0,0.0,0.06,0.0,0.15,0.56,0.0,0.65,0.0,48.0
0.3,0.67,0.2,0.89,0.23,0.0,0.0,0.52,0.15,0.0,0.0,0.0,0.0,0.0,0.63,0.11,0.85,0.0,64.0
0.0,0.0,0.0,0.0,0.96,1.35,0.0,0.55,0.0,0.0,0.01,0.0,0.0,0.08,0.0,0.0,0.0,0.6,66.0
0.0,0.0,1.2,0.0,0.78,0.11,0.0,0.0,0.2,0.0,0.2,0.0,0.0,0.0,0.33,0.0,0.0,0.32,32.0
0.0,0.66,0.6,0.78,0.0,0.0,0.6,0.0,0.1,0.0,0.0,0.2,0.0,0.11,0.0,0.0,0.15,0.0,26.0
1.476,0.6,0.95,0.32,0.62,1.41,0.0,1.166,0.126,0.0,0.01,0.12,0.0,0.05,0.15,0.0,0.2,0.2,30.0
0.0,0.66,0.0,0.32,0.66,0.0,0.0,0.43,0.12,0.0,0.0,0.0,0.0,0.0,0.0,0.11,0.66,0.0,74.0
0.0,0.0,0.0,0.2,0.0,0.09,0.0,0.0,0.0,0.01,0.0,0.0,0.3,0.0,0.0,0.0,0.2,0.0,88.0
0.0,2.13202,0.0,0.12,0.2,0.501,0.6,0.6,0.3,0.0,0.0,0.0,0.0,0.0,0.2,0.0,0.0,0.0,58.0
1.2,0.6,1.15,0.0,0.0,0.3,0.78,0.25,1.02,0.0,0.0,0.23,0.0,0.0,0.0,0.01,0.3,0.0,20.0
0.66,0.7,0.66,0.0,0.0,0.67,0.6,0.0,0.0,0.0,0.0,0.0,0.0,0.0,0.0,0.0,0.0,0.0,66.0
0.0,0.32,0.0,0.0,0.0,0.0,0.51,0.0,0.33,0.0,0.07,0.0,0.0,0.0,0.6456,0.1,0.0,0.0,65.0
0.42,0.06,0.56,0.12,0.46,0.15,0.0,0.62,0.0,0.0,0.0,0.0,0.0,0.05,0.0,0.0,0.0,0.0,72.0
1.36,0.0,0.11,0.0,0.145,0.22,0.12,0.0,0.62,0.0,0.0,0.0,0.0,0.0,0.0,0.0,0.0,0.0,50.0
1.308,0.712,0.3976,0.0,0.0,0.0,0.4,0.12,0.0,0.0,0.0,0.0,0.0,0.0,0.0,0.0,0.0,0.0,80.0
1.0,0.0,1.01,0.23,0.0,0.32,0.2015,0.5,1.12,0.0,0.0,0.0,0.0,0.0,0.0,0.0,0.0,0.0,40.0
1.2,0.13,0.262,0.1,0.1,0.27,0.023,0.12,0.23,0.0,0.01,0.0,0.0,0.0,0.0,0.0,0.0,0.0,74.0
0.0,0.015,0.0321,0.0,0.6,0.0,0.0,0.26,0.0,0.0,0.0,0.0,0.0,0.0,0.0,0.0,0.0,0.0,84.0
0.0,0.11,0.15,0.0,0.51,0.623,0.71,0.031,0.3,0.0,0.0,0.0,0.0,0.0,0.0,0.0,0.0,0.0,62.0
0.25,1.1906,0.662,0.0,0.15,0.32,0.021,0.216,0.0,0.0,0.0,0.0,0.0,0.0,0.0,0.0,0.0,0.0,78.0
0.33,0.6,1.521,0.0,0.0,0.0,0.051,0.0,0.0,0.0,0.0,0.08,0.0,0.0,0.15,0.0,0.0,0.0,38.0
0.6,0.6,0.12,0.15,0.0,0.14,0.0,0.0,0.0,0.0,0.0,0.0,0.0,0.0,0.001,0.0,0.0,0.0,82.0
0.03,0.32,0.0,0.0,0.0,0.0,0.0,0.0,0.0,0.12,0.0,0.0,0.0,0.005,0.0,0.0,0.0,0.0,76.0
0.0,0.0,0.642,0.0,0.11,0.0,0.12,0.1,0.11,0.0,0.0,0.0,0.0,0.0,0.0,0.0,0.0,0.0,74.0
0.1,0.43,0.0,0.0,0.0,0.0,0.44,0.21,0.0,0.0,0.0,0.0,0.0,0.0,0.0,0.0,0.0,0.0,86.0
0.0,0.0,0.49,0.0,0.0,0.35,0.0,0.11,0.4,0.0,0.0,0.0,0.0,0.0,0.0,0.0,0.0,0.0,56.0
0.0,0.0,0.23,0.12,0.0,0.12,0.0,0.12,0.41,0.0,0.0,0.0,0.0,0.0,0.0,0.0,0.0,0.0,90.0
0.0,0.0,0.0,0.0,0.0,0.11,0.12,0.0,0.0,0.0,0.0,0.0,0.0,0.0,0.0,0.0,0.0,0.0,96.0
0.321,0.21,0.33,0.0,0.0,0.0,0.0,0.0,0.0,0.0,0.0,0.0,0.0,0.0,0.0,0.0,0.137,0.11,82.0
0.0,0.0,0.125,0.0,0.0,0.0,0.0,0.0,0.15,0.0,0.0,0.0,0.0,0.0,0.0,0.0,0.0,0.0,92.0
0.21,0.79,0.53,0.0,1.2,0.0,0.0,0.33,0.0,0.0,0.0,0.0,0.0,0.0,0.0,0.0,0.0,0.0,78.0
0.0,0.0,0.0,0.322,0.0,0.15,0.0,0.0,0.0,0.0,0.0,0.0,0.0,0.0,0.0,0.0,0.0,0.0,96.0
0.0,0.55,0.15,0.0,0.0,0.0,0.0,0.0,0.151,0.0,0.0,0.0,0.0,0.0,0.0,0.0,0.0,0.0,82.0
0.0,0.0,0.37,0.0,0.0,0.0,0.0,0.0,0.0,0.0,0.0,0.0,0.0,0.0,0.01,0.0,0.0,0.0,84.0
0.43,0.0,0.26,0.0,0.0,0.0,0.1551,0.772,0.3,0.0,0.0,0.0,0.0,0.0,0.0,0.1,0.0,0.0,64.0
0.252,0.0,0.0,0.12,0.0,0.15,0.0,0.32,0.0,0.0,0.0,0.0,0.0,0.0,0.0,0.0,0.0,0.12,88.0
0.0,0.15,0.22,0.0,0.0,0.0,0.0,0.0,0.151,0.0,0.0,0.0,0.0,0.0,0.0,0.0,0.0,0.0,88.0
0.12,0.0,0.14,0.0,0.0,0.0,0.0,0.11,0.0,0.0,0.0,0.0,0.0,0.0,0.0,0.0,0.0,0.0,88.0
0.0,0.0,0.1,0.0,0.0,0.33,0.0,0.15,0.0,0.0,0.0,0.0,0.0,0.0,0.0,0.0,0.0,0.0,88.0
0.0,0.0,0.46,0.0,0.0,0.0,0.1,0.15,0.13,0.0,0.0,0.0,0.0,0.0,0.0,0.0,0.04,0.0,76.0
0.18,0.3301,1.23,0.0,0.0,0.12,0.0,0.032,0.0,0.09,0.0,0.0,0.0,0.05,0.0,0.33,0.0,0.01,62.0
0.17,0.23,0.21,0.0,0.0,0.1,0.0,0.23,0.0,0.0,0.0,0.0,0.0,0.0,0.0,0.02,0.0,0.0,86.0
0.0,0.0,0.25,0.0,0.0,0.11,0.15,0.19,0.123,0.0,0.0,0.0,0.0,0.0,0.0,0.0,0.0,0.0,66.0
0.031,0.12,0.38,0.3,0.0,0.0,0.0,0.0,0.32,0.0,0.0,0.0,0.0,0.0,0.0,0.0,0.0,0.0,78.0
0.47,0.0,0.12,0.0,0.0,0.0,0.0,0.0,0.0,0.0,0.04,0.0,0.0,0.0,0.0,0.0,0.0,0.0,78.0
0.132,0.0,0.24,0.0,0.11,0.123,0.0,0.16,0.12,0.33,0.0,0.01,0.0,0.0,0.2,0.123,0.0,0.0,48.0
0.242,0.0,0.752,0.12,0.0,0.0,0.155,0.12,0.15,0.02,0.0,0.0,0.0,0.0,0.0,0.0,0.0,0.0,74.0
0.64,0.0,0.0,0.0,0.18,0.0,0.0,0.145,0.0,0.0,0.0,0.0,0.0,0.0,0.0,0.0,0.0,0.0,82.0
0.291,0.0,0.17,0.0,0.0,0.0,0.1232,0.515,0.7,0.0,0.0,0.0,0.0,0.0,0.015,0.0,0.0,0.0,74.0
0.26,1.2,0.12,0.151,0.0,0.0,0.0,0.0,0.0,0.0,0.0,0.0,0.0,0.0,0.0,0.0,0.0,0.0,74.0
0.41,0.0,0.63,0.0,0.0,0.67,0.23,0.2,0.012,0.123,0.0,0.0,0.0,0.0,0.0,0.0,0.009,0.0,58.0
0.4031,0.0,0.0,0.0,0.0,0.23,0.0,0.0,0.133,0.0,0.0,0.0,0.0,0.0,0.0,0.0,0.0,0.0,86.0
0.41,0.0,0.12,0.151,0.0,0.56,0.0,0.0,0.0,0.0,0.0,0.0,0.0,0.0,0.0,0.0,0.0,0.0,86.0
0.0,0.18,0.12,0.0,0.32,0.0,0.482,0.2,0.0,0.0,0.0,0.0,0.0,0.0,0.0,0.0,0.0,0.0,88.0
0.934,0.0,0.132,0.0,0.0,0.4452,0.0,0.0,0.0,0.0,0.0,0.0,0.0,0.0,0.0,0.0,0.0,0.0,84.0
0.0,0.0,1.01,0.1233,0.0,0.0,0.0,0.0,0.0,0.0,0.009,0.0,0.0,0.0,0.0,0.008,0.0,0.0,54.0
0.0,0.0,0.0,0.12,0.0,0.11,0.0,0.0,0.0,0.0,0.0,0.0,0.0,0.0,0.2,0.0,0.0,0.0,86.0
0.443,0.0,1.09,0.0,0.0,0.745,0.0,0.0,0.0,0.0,0.0,0.0,0.0,0.0,0.0,0.0,0.0,0.0,62.0
0.0,0.15,0.0,1.23,0.255,0.795,0.2,0.21,0.351,0.0,0.0,0.0,0.0,0.0,0.008,0.0,0.0,0.0,80.0
0.21,0.0,0.0,0.454,0.0,0.0,0.0,0.0,0.0,0.0,0.0,0.0,0.0,0.0,0.0,0.0,0.0,0.0,98.0
0.0,0.0,0.52,0.145,0.0,0.0,0.405,0.0,0.2,0.008,0.0,0.0,0.0,0.0,0.0,0.0,0.04,0.0,62.0
0.0,0.0,0.0,0.0,0.32,0.0,0.0,0.36,0.0,0.0,0.0,0.0,0.0,0.0,0.0,0.0,0.0,0.054,92.0
0.63,0.0,0.95,0.15,0.0,0.23,0.32,0.0,0.57,0.0,0.0,0.0,0.0,0.01,0.0,0.0,0.0,0.0,67.0
0.0,0.41,0.0,0.96,0.0,0.12,0.3733,0.0,0.0,0.0,0.0,0.0,0.0,0.0,0.0,0.0,0.85,0.0,78.0
0.0,0.33,0.0,0.0,0.68,0.48,0.23,0.583,0.1,0.0,0.0,0.0,0.0,0.23,0.0,0.0,0.0,0.0,80.0
0.85,0.23,0.12,0.0,0.0,0.0,0.0,0.38,0.62,0.0,0.04,0.0,0.0,0.0,0.0,0.0,0.0,0.0,56.0
0.52,0.0,0.0,0.0,0.63,0.0,0.415,0.0,0.0,0.0,0.0,0.054,0.0,0.0,0.0,0.0,0.0,0.0,52.0
0.0,0.62,0.26,0.0,0.0,0.4,0.0,0.15,0.15,0.0,0.0,0.0,0.0,0.0,0.0,0.0,0.0,0.0,88.0
0.0,1.6556,0.89,0.0,0.11,0.15,0.0,0.15,0.0,0.01,0.0,0.0,0.0,0.3,0.0,0.0,0.0,0.0,71.0
0.0,0.0,0.18,0.0,0.15,0.36,0.15,0.33,0.15,0.0,0.0,0.0,0.0,0.0,0.0,0.0,0.15,0.0,64.0
0.55,0.0,0.23,0.0,0.0,0.73,0.0,0.0,0.75,0.0,0.0,0.0,0.0,0.0,0.0,0.0,0.0,0.0,48.0
0.0,1.241,0.0,0.0,0.63,0.85,0.0,0.0,0.731,0.0,0.0,0.0,0.0,0.0,0.0,0.0,0.0,0.0,83.0
1.17,0.41,0.3,0.0,0.15,0.0,0.0,1.387,0.0,0.0,0.0,0.0,0.0,0.0,0.0,0.0,0.0,0.0,72.0
0.0,0.1251,0.66,0.0,0.67,0.0,0.0,0.36,0.0,0.0,0.0,0.0,0.0,0.0,0.0,0.0,0.0,0.0,84.0
0.0,0.73,0.36,0.0,0.0,0.0,0.36,0.8,0.0,0.0,0.0,0.0,0.0,0.0,0.0,0.8,0.0,0.0,58.0
0.15,0.0,0.0,0.15,0.63,0.54,0.0,0.1,0.0,0.0,0.0,0.0,0.0,0.0,0.0,0.0,0.0,0.0,90.0
0.42,0.0,0.0,0.67,0.0,0.33,0.0,0.6,0.0,0.0,0.05,0.0,0.0,0.0,0.0,0.15,0.0,0.0,74.0
0.0,0.0,0.6,0.5,0.6,0.81,0.0,0.6521,0.0,0.0,0.0,0.0,0.0,0.0,0.0,0.0,0.0,0.0,84.0
1.31,2.11,0.0,0.32,0.0,0.12,0.0,0.652,0.3,0.0,0.0,0.0,0.0,0.0,0.01,0.0,0.0,0.0,66.0
0.0,0.0,0.3,0.0,0.0,0.0,0.0,0.0,0.0,0.0,0.0,0.0,0.0,0.0,0.0,0.0,0.0,0.0,78.0
0.15,1.18,0.0,0.233,0.43,0.47,0.15,0.0,0.0,0.0,0.0,0.0,0.0,0.0,0.0,0.0,0.0,0.0,84.0
1.01,0.0,0.15,0.0,0.0,0.25,0.81,0.33,0.0,0.0,0.0,0.0,0.0,0.0,0.0,0.0,0.0,0.0,84.0
0.0,0.0,0.52,0.0,0.3,0.32,0.0,0.0,0.0,0.0,0.0,0.0,0.0,0.0,0.0,0.0,0.0,0.0,72.0
0.0,0.6256,0.561,0.41,0.0,0.26,0.0,0.0,0.16,0.0,0.0,0.0,0.0,0.0,0.0,0.0,0.0,0.0,80.0
0.0,0.0,1.47,0.63,0.0,0.36,0.0,0.11,0.0,0.05,0.0,0.0,0.05,0.0,0.0,0.0,0.0,0.0,70.0
0.056,0.36,0.33,0.15,0.15,0.0,0.0,0.36,0.0,0.0,0.0,0.0,0.0,0.0,0.0,0.0,0.0,0.0,84.0
0.51,0.0,0.45,0.32,0.48,0.36,0.32,0.0,0.15,0.0,0.01,0.0,0.0,0.3,0.0,0.015,0.15,0.0,66.0
