AC1,AC2,AC3,BE1,BE2,BE3,D1,D2,D3,F1,F2,F3,G1,G2,G3,H1,H2,H3,IRI
0.0,0.08,0.0,0.23,0.0,0.45,0.0,0.1,0.0,0.0,0.0,0.0,0.0,0.0,0.0,0.0,0.0,0.0,1.13
0.42,0.06,0.56,0.12,0.46,0.15,0.0,0.62,0.0,0.0,0.0,0.0,0.0,0.05,0.0,0.0,0.0,0.0,3.75
0.0,0.66,0.0,0.32,0.66,0.0,0.0,0.43,0.12,0.0,0.0,0.0,0.0,0.0,0.0,0.11,0.66,0.0,3.48
0.25,1.1906,0.662,0.0,0.15,0.32,0.021,0.216,0.0,0.0,0.0,0.0,0.0,0.0,0.0,0.0,0.0,0.0,2.85
0.0,0.0,0.0,0.55,0.33,0.64,0.21,0.55,0.05,0.0,0.0,0.0,0.0,0.15,0.66,0.0,0.66,0.0,3.94
0.21,1.05,0.45,0.0,0.0,0.12,0.3,0.66,1.21,0.0,0.0,0.0,0.0,0.0,0.0,0.23,0.0,0.0,5.83
0.0,0.0,0.0,0.0,0.96,1.35,0.0,0.55,0.0,0.0,0.01,0.0,0.0,0.08,0.0,0.0,0.0,0.6,4.47
0.0,0.14,0.98,0.66,0.32,1.42,0.66,0.36,0.0,0.0,0.0,0.0,0.0,0.0,0.0,0.0,0.0,0.0,4.19
0.66,0.7,0.66,0.0,0.0,0.67,0.6,0.0,0.0,0.0,0.0,0.0,0.0,0.0,0.0,0.0,0.0,0.0,4.32
1.2,0.13,0.262,0.1,0.1,0.27,0.023,0.12,0.23,0.0,0.01,0.0,0.0,0.0,0.0,0.0,0.0,0.0,3.51
1.308,0.712,0.3976,0.0,0.0,0.0,0.4,0.12,0.0,0.0,0.0,0.0,0.0,0.0,0.0,0.0,0.0,0.0,2.58
0.515,0.0,0.28,0.68,0.0,1.62,0.362,0.0,0.0,0.0,0.165,0.0,0.0,0.0,0.165,0.0,0.51,0.0,3.38
0.0,0.32,0.0,0.0,0.0,0.0,0.51,0.0,0.33,0.0,0.07,0.0,0.0,0.0,0.6456,0.1,0.0,0.0,4.22
0.3,0.67,0.2,0.89,0.23,0.0,0.0,0.52,0.15,0.0,0.0,0.0,0.0,0.0,0.63,0.11,0.85,0.0,4.63
1.2,0.0,0.0,0.23,0.0,0.0,0.2,0.12,0.0,0.04,0.0,0.02,0.0,0.0,0.0,0.0,0.22,0.3,4.55
0.0,0.11,0.15,0.0,0.51,0.623,0.71,0.031,0.3,0.0,0.0,0.0,0.0,0.0,0.0,0.0,0.0,0.0,4.18
0.874,0.26,0.15,0.0,0.6,0.85,0.0,0.16,0.0,0.007,0.0,0.0,0.0,0.0,0.0,0.0,0.0,0.0,4.01
0.0,0.321,0.0,0.0,0.75,0.23,0.0,0.0,1.0,0.66,0.0,0.0,0.0,0.23,0.15,0.56,0.0,0.6,4.84
0.0,0.9,0.3,0.0,0.23,0.76,0.0,0.3,0.91,0.0,0.0,0.0,0.0,0.33,0.0,0.23,0.0,0.0,6.25
0.1,0.49,0.3,0.0,0.7,0.09,0.147,0.0,0.6,0.005,0.0,0.0,0.0,0.0,0.0,0.0,0.0,0.8,6.71
0.0,2.13202,0.0,0.12,0.2,0.501,0.6,0.6,0.3,0.0,0.0,0.0,0.0,0.0,0.2,0.0,0.0,0.0,5.42
0.0,0.23,0.0,0.0,0.58,0.26,0.0,0.0,0.23,0.0,0.0,0.0,1.2,0.0,0.33,0.23,0.14,0.0,4.27
1.2,1.1,3.33,0.0,1.4,0.0,0.0,0.79,0.0,0.0,0.0,0.0,0.0,0.0,0.0,0.0,0.0,0.0,4.48
0.45,1.036,0.22,0.0,2.6,0.0,0.74,0.58,0.345,0.0,0.0,0.0,0.0,0.0,0.0,0.0,0.0,0.0,3.07
0.6,0.6,0.12,0.15,0.0,0.14,0.0,0.0,0.0,0.0,0.0,0.0,0.0,0.0,0.001,0.0,0.0,0.0,2.34
0.05,0.32,0.0,0.0,1.46,0.0,0.0,1.24,0.0,0.0,0.0,0.0,0.0,0.0,0.0,0.0,0.0,0.0,3.15
0.6,0.6,0.12,0.15,0.0,0.14,0.0,0.0,0.0,0.0,0.0,0.0,0.0,0.0,0.001,0.0,0.0,0.0,2.35
1.36,0.0,0.11,0.0,0.145,0.22,0.12,0.0,0.62,0.0,0.0,0.0,0.0,0.0,0.0,0.0,0.0,0.0,6.2
0.0,0.0,0.32,0.0,0.0,0.2,0.12,0.0,0.23,0.09,0.02,0.02,0.11,0.23,0.0,0.11,0.12,0.0,6.9
0.12,0.6,0.42,0.0,0.06,0.66,0.0,0.0,1.17,0.01,0.0,0.0,0.0,0.3,0.0,0.0,0.0,0.0,7.77
0.98,0.0,0.0,0.26,1.42,0.0,0.12,0.212,0.0,0.0,0.0,0.06,0.0,0.15,0.56,0.0,0.65,0.0,7.22
0.33,0.6,1.521,0.0,0.0,0.0,0.051,0.0,0.0,0.0,0.0,0.08,0.0,0.0,0.15,0.0,0.0,0.0,8.41
0.0,0.0,1.2,0.0,0.78,0.11,0.0,0.0,0.2,0.0,0.2,0.0,0.0,0.0,0.33,0.0,0.0,0.32,8.77
1.476,0.6,0.95,0.32,0.62,1.41,0.0,1.166,0.126,0.0,0.01,0.12,0.0,0.05,0.15,0.0,0.2,0.2,9.22
0.56,0.5,1.26,0.66,0.0,0.08,0.0,0.48,0.0,0.0,0.0,0.0,0.0,0.0,0.0,0.0,0.0,0.0,2.4
0.0,1.11,0.0,0.11,0.67,0.77,0.0,0.2,0.23,0.04,0.09,0.0,0.0,0.0,0.22,0.15,0.0,0.0,8.12
1.0,0.0,1.01,0.23,0.0,0.32,0.2015,0.5,1.12,0.0,0.0,0.0,0.0,0.0,0.0,0.0,0.0,0.0,3.5
0.0,0.66,0.6,0.78,0.0,0.0,0.6,0.0,0.1,0.0,0.0,0.2,0.0,0.11,0.0,0.0,0.15,0.0,11.21
1.2,0.6,1.15,0.0,0.0,0.3,0.78,0.25,1.02,0.0,0.0,0.23,0.0,0.0,0.0,0.01,0.3,0.0,12.52
0.0,0.0,0.0,0.15,0.0,0.11,0.66,0.66,0.0,0.0,0.0,0.0,0.0,0.0,0.0,0.0,0.28,0.0,2.31
0.15,0.459,0.63,0.0,0.0,0.4,0.0,0.63,0.15,0.0,0.0,0.0,0.0,0.0,0.15,0.33,0.0,0.0,2.05
0.0,0.015,0.0321,0.0,0.6,0.0,0.0,0.26,0.0,0.0,0.0,0.0,0.0,0.0,0.0,0.0,0.0,0.0,2.12
0.05,0.0,0.756,0.0,0.31,0.0,0.68,0.0,0.23,0.0,0.0,0.0,0.0,0.0,0.0,0.0,0.0,0.0,1.9
0.0,0.0,0.0,0.2,0.0,0.09,0.0,0.0,0.0,0.01,0.0,0.0,0.3,0.0,0.0,0.0,0.2,0.0,1.52
1.0,1.25,0.645,0.66,0.23,0.0,0.2,0.5,0.0,0.0,0.0,0.0,0.0,0.99,0.19,0.0,0.0,0.5,6.05
0.0,0.3,0.6,0.6,0.0,0.4,0.0,0.0,0.2,0.0,0.12,0.0,0.0,0.0,0.0,0.0,0.0,0.08,6.01
0.0,0.63,1.38,0.0,0.0,0.25,0.126,0.0,0.0,0.0,0.1,0.0,0.0,0.33,0.0,0.0,0.0,0.0,5.85
0.1,0.2,0.2,0.0,0.0,1.56,0.0,0.0,0.0,0.0,0.0,0.04,0.0,0.0,0.0,0.0,1.4,0.0,6.35
0.23,1.32,1.83,0.0,0.11,0.0,0.25,0.0,2.22,0.0,0.0,0.0,0.0,0.0,0.0,0.0,1.2,0.0,6.5
0.056,1.42,0.65,0.0,2.118,2.4,0.23,0.0,0.0,0.05,0.02,0.0,0.0,0.0,0.0,0.78,0.0,0.0,6.45
0.0,1.49,1.03,0.0,0.4,0.7,0.0,0.3,0.16,0.0,0.0,0.0,0.0,0.0,0.08,0.0,0.15,0.0,6.7
0.0,1.8,1.79,0.0,0.0,0.0,0.0,0.0,1.85,0.0,0.02,0.0,0.0,0.48,0.0,0.0,0.0,0.0,6.15
0.71,0.6,0.0,0.0,2.16,0.512,0.0,0.76,0.6,0.0,0.0,0.0,0.0,0.0,0.99,0.85,0.0,1.56,7.15
0.0,0.93,0.0,0.75,3.64,0.0,0.74,0.0,0.0,0.0,0.0,0.6,0.0,0.0,0.26,0.0,0.0,0.33,7.62
0.45,0.0,0.95,1.115,0.0,0.45,0.0,0.0,0.0,0.0,0.22,0.0,0.0,0.0,0.0,0.0,0.0,0.0,7.65
1.5,2.4,0.0,0.1,1.2,0.1,0.0,0.0,0.0,0.0,0.01,0.05,0.0,0.0,0.0,0.0,0.0,0.0,7.56
0.0,0.5,1.8,0.0,0.4,0.0,1.8,0.0,0.0,0.0,0.0,0.0,0.0,0.0,0.6,0.0,2.6,0.0,7.93
0.0,0.56,0.58,0.0,0.0,1.2,0.0,0.65,0.12,0.15,0.0,0.0,0.0,0.0,0.45,0.0,1.25,0.0,7.61
0.0,3.8,0.0,0.32,0.0,0.0,0.0,0.0,0.0,0.0,0.0,1.01,0.0,0.0,0.0,0.0,0.0,1.55,8.86
1.0,0.15,0.8,0.0,0.33,1.98,0.15,0.0,0.44,0.0,0.0,0.08,0.0,0.3,0.0,0.47,0.0,0.0,8.24
0.89,0.0,0.63,0.0,2.75,0.0,0.0,0.85,0.717,0.0,0.0,0.06,0.15,0.22,0.0,0.0,0.66,0.0,11.53
0.0,0.0,4.4,0.0,0.0,0.0,0.0,0.0,0.4,0.0,0.0,0.0,0.0,0.0,2.0,0.0,0.0,0.0,8.93
0.0,0.6,1.12,0.0,0.0,1.5,0.0,0.0,0.23,0.0,0.09,0.0,0.0,0.0,0.0,0.0,0.0,0.0,6.64
0.0,0.0,1.6,0.0,1.35,0.0,0.0,0.0,0.0,0.6,0.0,0.06,0.66,0.0,0.23,0.55,0.0,0.0,10.27
0.0,1.91,0.22,0.0,0.6,0.26,0.43,0.0,0.15,0.01,0.0,0.3,0.0,0.0,0.0,0.0,0.0,0.0,12.5
0.74,1.12,0.56,0.0,1.14,0.0,0.816,2.28,0.0,0.09,0.0,0.11,0.3,0.0,0.74,0.0,0.0,0.66,9.15
0.37,0.0,1.05,1.455,0.23,0.0,0.0,0.0,0.45,0.0,0.0,0.1,0.0,0.0,0.0,0.0,2.3,0.0,9.05
0.65,1.2,1.53,0.0,1.0,0.5,0.51,0.0,0.0,0.0,0.33,0.0,0.0,0.0,0.32,0.0,0.65,0.0,9.97
0.95,0.9,12.5,0.0,1.22,0.0,0.15,2.6,0.15,0.0,0.15,0.0,0.0,0.15,0.0,0.0,0.0,0.0,9.15
0.0,1.36,2.48,0.0,1.28,2.42,0.72,0.52,0.0,0.0,0.62,0.0,0.0,0.0,0.0,0.0,2.48,0.0,9.99
2.06,0.0,0.0,0.0,0.0,0.0,0.0,0.0,0.0,0.0,0.0,0.0,0.0,0.0,0.0,0.0,0.0,0.0,0.89
0.0,0.0,0.0,0.0,0.15,0.0,0.0,0.0,0.0,0.0,0.0,0.0,0.0,0.0,0.0,0.0,0.0,0.12,1.2
0.15,0.0,1.63,0.0,0.0,0.0,0.5,0.15,0.0,0.0,0.23,0.0,0.36,0.0,0.25,0.0,0.0,0.78,7.1
0.45,0.0,0.0,0.0,0.23,0.0,0.32,0.62,0.556,0.31,0.0,0.0,0.0,0.0,0.0,0.0,0.45,0.0,7.23
3.05,0.48,0.6,0.6,0.23,0.17,0.12,0.0,0.37,0.4,0.0,0.0,0.0,0.0,0.0,0.0,0.0,0.0,6.98
0.8,0.8,0.33,0.0,0.62,0.0,0.0,0.3,0.15,0.0,0.0,0.0,0.0,0.15,0.56,0.0,0.0,0.5,6.88
1.23,0.36,0.0,0.0,0.0,0.0,0.0,0.1,0.0,0.0,0.02,0.7,0.0,0.0,0.0,0.0,0.0,0.44,16.25
0.8,0.0,0.9,0.0,0.0,1.23,0.0,0.0,0.0,0.0,0.0,0.6,0.0,0.0,0.0,0.0,0.0,0.0,14.15
0.0,1.515,0.0,0.89,1.1,2.1,0.0,0.22,0.95,0.0,0.05,0.0,0.0,0.95,0.0,0.0,0.0,0.0,7.25
0.6,0.0,0.765,0.0,0.85,0.51,0.656,0.6,0.15,0.0,0.08,0.0,0.0,0.0,0.96,0.0,0.6,0.0,7.15
0.27,0.55,0.6,0.0,0.0,3.75,0.215,0.71,0.0,0.0,0.07,0.0,0.0,0.55,0.0,0.0,0.18,0.0,5.46
0.3,0.23,0.69,0.0,0.0,0.0,0.0,0.3,0.15,0.1,0.02,0.01,0.0,0.0,0.0,0.0,0.0,0.0,6.38
0.68,1.23,0.1,0.0,0.33,0.0,0.0,0.0,0.0,0.12,0.0,0.02,0.0,0.0,0.0,0.0,0.0,0.55,6.11
0.54,2.2,0.96,0.0,0.0,4.56,0.78,0.0,0.0,0.0,0.15,0.0,0.0,0.0,0.0,0.0,0.0,0.0,7.99
1.2,0.0,0.9,0.0,0.0,0.0,0.36,0.4,0.0,0.0,0.2,0.0,0.36,0.0,0.0,0.15,0.0,0.6,7.22
0.64,0.0,0.0,0.0,0.18,0.0,0.0,0.145,0.0,0.0,0.0,0.0,0.0,0.0,0.0,0.0,0.0,0.0,2.48
0.0,1.11,0.66,0.0,0.0,0.0,0.75,0.15,0.3,0.0,0.0,0.0,0.0,0.45,0.05,0.0,0.0,0.0,6.12
1.842,0.0,1.28,0.0,1.96,0.0,0.0,0.0,0.0,0.0,0.0,0.0,0.0,0.0,0.82,0.0,2.42,0.0,6.25
3.0,0.0,3.2,0.0,0.45,0.0,0.0,1.5,0.0,0.0,0.0,0.0,0.0,0.0,0.0,0.0,0.0,0.0,6.31
0.0,1.49,1.03,0.0,0.4,0.7,0.0,0.3,0.16,0.0,0.0,0.0,0.0,0.0,0.08,0.0,0.15,0.0,6.55
0.25,0.54,1.15,0.0,0.6,0.0,0.9,0.26,0.0,0.3,0.0,0.0,0.66,0.0,0.0,0.11,0.0,0.0,5.18
0.0,1.8,1.79,0.0,0.0,0.0,0.0,0.0,1.85,0.0,0.02,0.0,0.0,0.48,0.0,0.0,0.0,0.0,5.82
0.45,0.0,0.11,0.0,0.0,0.0,0.0,0.15,0.14,0.0,0.0,0.07,0.0,0.0,0.0,0.0,0.0,0.15,6.12
1.02,0.5,4.06,0.0,0.0,2.1,0.17,0.11,0.0,0.0,0.0,0.0,0.0,0.0,0.52,0.0,0.0,0.0,7.28
0.36,1.2,0.81,0.0,0.99,0.0,0.59,0.0,0.355,0.0,0.0,0.0,0.0,0.0,0.6,0.0,0.0,0.66,9.15
0.0,0.0,1.96,0.0,0.0,1.5,0.0,1.16,1.35,0.0,0.0,0.0,0.0,0.0,0.23,0.0,0.0,0.0,9.18
1.2,0.7,0.25,0.0,1.2,0.0,0.78,0.0,0.45,1.2,0.05,0.0,0.0,0.0,0.0,0.0,0.2,0.3,10.95
0.6,1.2,0.8,0.8,0.0,0.0,0.92,0.6,0.0,0.0,0.0,0.24,0.0,0.0,0.0,0.0,0.0,0.0,12.22
0.0,0.9,1.35,0.0,0.0,0.2,0.0,0.0,0.12,0.0,0.15,0.0,0.0,0.0,0.0,0.0,0.52,1.3,10.22
0.3,0.0,1.05,0.0,1.23,0.0,0.0,0.68,0.0,0.0,0.0,0.26,0.0,0.0,0.0,0.0,0.0,0.96,12.23
1.5,1.96,0.2,1.65,0.0,0.15,0.0,0.0,0.0,0.0,0.0,0.15,0.0,0.0,0.0,0.0,0.0,0.0,9.25
0.665,3.05,0.995,0.0,0.11,0.0,0.0,0.0,0.0,0.0,0.15,0.0,0.0,0.0,0.0,0.0,0.0,0.0,9.65
0.0,0.43,1.3,0.14,0.66,0.0,0.0,0.0,0.0,0.0,0.05,0.0,0.0,0.0,0.0,0.0,0.0,0.0,9.15
0.0,2.0,0.0,0.0,0.5,0.65,0.56,0.0,0.99,0.18,0.0,0.0,0.0,0.12,0.0,0.0,0.0,0.0,8.15
0.0,1.35,2.0,0.0,0.0,1.8,0.0,0.45,0.56,0.3,0.0,0.0,0.0,0.0,0.0,0.0,1.26,0.0,8.47
0.0,1.9,0.0,0.0,2.6,1.45,0.0,0.15,0.74,0.0,0.0,0.0,0.0,0.0,0.48,0.0,0.0,0.0,7.15
0.8,1.11,0.0,0.0,0.0,0.0,0.0,0.0,0.0,0.23,0.0,0.05,0.0,0.0,0.0,0.0,0.0,0.25,7.8
0.0,11.97,2.99,0.0,1.22,0.0,0.0,0.43,0.0,0.0,0.25,0.0,0.0,0.0,0.0,0.0,2.97,0.0,7.56
0.22,1.2,0.12,0.0,0.0,0.0,0.0,0.0,0.0,0.13,0.0,0.05,0.0,0.0,0.0,0.25,0.0,0.0,6.52
0.6,0.0,0.0,0.0,0.0,0.45,0.0,0.0,0.0,0.0,0.25,0.0,0.0,0.0,0.0,0.0,0.0,0.0,7.9
0.0,0.0,0.4,0.15,0.7,0.9,0.0,0.23,0.0,0.6,0.0,0.0,0.0,0.0,0.0,0.0,0.0,0.0,6.15
0.21,0.0,0.0,0.454,0.0,0.0,0.0,0.0,0.0,0.0,0.0,0.0,0.0,0.0,0.0,0.0,0.0,0.0,0.56
0.62,0.66,0.662,0.0,0.0,0.54,0.51,0.6,0.0,0.0,0.0,0.08,0.0,0.0,0.0,0.451,0.0,0.0,8.15
0.0,0.65,1.8,0.0,2.1,0.0,0.21654,0.23,0.6,0.0,0.0,0.0,0.0,0.0,0.23,0.0,0.0,0.0,8.05
0.0,1.3,0.0,0.0,2.1,0.0,0.0,0.03,1.3,0.0,0.0,0.0,0.0,0.15,0.0,0.15,0.0,0.0,8.35
0.0,0.77,1.8,0.0,0.65,0.0,0.9,0.74,0.0,0.3,0.0,0.0,0.0,0.0,0.0,0.0,0.0,0.0,8.4
1.1,1.1,2.3,2.1,1.2,0.0,0.0,0.0,1.0,0.0,0.0,0.0,0.0,0.0,0.0,0.0,0.0,0.0,8.42
0.21,0.79,0.53,0.0,1.2,0.0,0.0,0.33,0.0,0.0,0.0,0.0,0.0,0.0,0.0,0.0,0.0,0.0,2.93
0.26,1.2,0.12,0.151,0.0,0.0,0.0,0.0,0.0,0.0,0.0,0.0,0.0,0.0,0.0,0.0,0.0,0.0,3.4
0.291,0.0,0.17,0.0,0.0,0.0,0.1232,0.515,0.7,0.0,0.0,0.0,0.0,0.0,0.015,0.0,0.0,0.0,3.51
0.47,0.0,0.12,0.0,0.0,0.0,0.0,0.0,0.0,0.0,0.04,0.0,0.0,0.0,0.0,0.0,0.0,0.0,3.04
0.0,0.15,0.0,1.23,0.255,0.795,0.2,0.21,0.351,0.0,0.0,0.0,0.0,0.0,0.008,0.0,0.0,0.0,2.59
0.031,0.12,0.38,0.3,0.0,0.0,0.0,0.0,0.32,0.0,0.0,0.0,0.0,0.0,0.0,0.0,0.0,0.0,2.89
0.64,0.0,0.0,0.0,0.18,0.0,0.0,0.145,0.0,0.0,0.0,0.0,0.0,0.0,0.0,0.0,0.0,0.0,2.53
0.0,0.55,0.15,0.0,0.0,0.0,0.0,0.0,0.151,0.0,0.0,0.0,0.0,0.0,0.0,0.0,0.0,0.0,2.65
0.03,0.32,0.0,0.0,0.0,0.0,0.0,0.0,0.0,0.12,0.0,0.0,0.0,0.005,0.0,0.0,0.0,0.0,3.11
0.0,0.0,0.46,0.0,0.0,0.0,0.1,0.15,0.13,0.0,0.0,0.0,0.0,0.0,0.0,0.0,0.04,0.0,3.05
0.242,0.0,0.752,0.12,0.0,0.0,0.155,0.12,0.15,0.02,0.0,0.0,0.0,0.0,0.0,0.0,0.0,0.0,3.29
0.0,0.0,0.25,0.0,0.0,0.11,0.15,0.19,0.123,0.0,0.0,0.0,0.0,0.0,0.0,0.0,0.0,0.0,3.96
0.0,0.0,0.642,0.0,0.11,0.0,0.12,0.1,0.11,0.0,0.0,0.0,0.0,0.0,0.0,0.0,0.0,0.0,3.22
0.321,0.21,0.33,0.0,0.0,0.0,0.0,0.0,0.0,0.0,0.0,0.0,0.0,0.0,0.0,0.0,0.137,0.11,2.64
0.43,0.0,0.26,0.0,0.0,0.0,0.1551,0.772,0.3,0.0,0.0,0.0,0.0,0.0,0.0,0.1,0.0,0.0,4.9
0.18,0.3301,1.23,0.0,0.0,0.12,0.0,0.032,0.0,0.09,0.0,0.0,0.0,0.05,0.0,0.33,0.0,0.01,5.1
0.443,0.0,1.09,0.0,0.0,0.745,0.0,0.0,0.0,0.0,0.0,0.0,0.0,0.0,0.0,0.0,0.0,0.0,5.2
0.0,0.0,0.52,0.145,0.0,0.0,0.405,0.0,0.2,0.008,0.0,0.0,0.0,0.0,0.0,0.0,0.04,0.0,5.18
0.41,0.0,0.63,0.0,0.0,0.67,0.23,0.2,0.012,0.123,0.0,0.0,0.0,0.0,0.0,0.0,0.009,0.0,5.78
0.0,0.0,0.49,0.0,0.0,0.35,0.0,0.11,0.4,0.0,0.0,0.0,0.0,0.0,0.0,0.0,0.0,0.0,6.08
0.0,0.0,1.01,0.1233,0.0,0.0,0.0,0.0,0.0,0.0,0.009,0.0,0.0,0.0,0.0,0.008,0.0,0.0,6.38
0.132,0.0,0.24,0.0,0.11,0.123,0.0,0.16,0.12,0.33,0.0,0.01,0.0,0.0,0.2,0.123,0.0,0.0,7.27
0.0,0.0,0.0,0.0,0.0,0.11,0.12,0.0,0.0,0.0,0.0,0.0,0.0,0.0,0.0,0.0,0.0,0.0,0.85
0.0,0.0,0.0,0.322,0.0,0.15,0.0,0.0,0.0,0.0,0.0,0.0,0.0,0.0,0.0,0.0,0.0,0.0,1.05
0.0,0.0,0.125,0.0,0.0,0.0,0.0,0.0,0.15,0.0,0.0,0.0,0.0,0.0,0.0,0.0,0.0,0.0,1.08
0.0,0.0,0.0,0.0,0.32,0.0,0.0,0.36,0.0,0.0,0.0,0.0,0.0,0.0,0.0,0.0,0.0,0.054,0.81
0.0,0.0,0.23,0.12,0.0,0.12,0.0,0.12,0.41,0.0,0.0,0.0,0.0,0.0,0.0,0.0,0.0,0.0,0.78
0.252,0.0,0.0,0.12,0.0,0.15,0.0,0.32,0.0,0.0,0.0,0.0,0.0,0.0,0.0,0.0,0.0,0.12,1.56
0.0,0.15,0.22,0.0,0.0,0.0,0.0,0.0,0.151,0.0,0.0,0.0,0.0,0.0,0.0,0.0,0.0,0.0,1.65
0.12,0.0,0.14,0.0,0.0,0.0,0.0,0.11,0.0,0.0,0.0,0.0,0.0,0.0,0.0,0.0,0.0,0.0,1.62
0.0,0.0,0.1,0.0,0.0,0.33,0.0,0.15,0.0,0.0,0.0,0.0,0.0,0.0,0.0,0.0,0.0,0.0,1.68
0.0,0.18,0.12,0.0,0.32,0.0,0.482,0.2,0.0,0.0,0.0,0.0,0.0,0.0,0.0,0.0,0.0,0.0,1.66
0.1,0.43,0.0,0.0,0.0,0.0,0.44,0.21,0.0,0.0,0.0,0.0,0.0,0.0,0.0,0.0,0.0,0.0,1.85
0.17,0.23,0.21,0.0,0.0,0.1,0.0,0.23,0.0,0.0,0.0,0.0,0.0,0.0,0.0,0.02,0.0,0.0,1.86
0.4031,0.0,0.0,0.0,0.0,0.23,0.0,0.0,0.133,0.0,0.0,0.0,0.0,0.0,0.0,0.0,0.0,0.0,1.94
0.41,0.0,0.12,0.151,0.0,0.56,0.0,0.0,0.0,0.0,0.0,0.0,0.0,0.0,0.0,0.0,0.0,0.0,1.77
0.0,0.0,0.0,0.12,0.0,0.11,0.0,0.0,0.0,0.0,0.0,0.0,0.0,0.0,0.2,0.0,0.0,0.0,2.3
0.0,0.0,0.37,0.0,0.0,0.0,0.0,0.0,0.0,0.0,0.0,0.0,0.0,0.0,0.01,0.0,0.0,0.0,2.15
0.934,0.0,0.132,0.0,0.0,0.4452,0.0,0.0,0.0,0.0,0.0,0.0,0.0,0.0,0.0,0.0,0.0,0.0,2.18
0.0,1.33,0.0,0.0,0.0,0.01,0.0,0.0,0.0,0.0,0.0,0.0,0.0,0.0,0.0,0.0,0.32,0.0,2.12
0.0,0.0,0.0,0.0,0.0,0.0,0.0,0.0,0.0,0.0,0.0,0.0,0.0,0.0,0.0,0.0,0.0,0.0,0.88
0.0,0.55,0.0,0.0,0.0,1.28,0.0,0.5,0.0,0.0,0.22,0.0,0.0,0.0,0.0,0.0,0.0,0.0,2.97
0.0,0.37,0.0,0.0,0.0,0.0,0.0,0.0,0.0,0.0,0.0,0.2,0.0,0.0,0.0,0.0,1.57,0.0,3.87
0.0,1.59,0.0,1.7,0.0,0.0,0.0,0.0,0.0,0.0,0.0,0.09,0.0,0.0,0.0,2.22,0.0,1.25,5.47
0.0,2.28,0.0,0.0,0.61,0.0,0.0,0.0,0.0,0.0,0.09,0.0,0.0,0.0,0.0,0.0,0.0,0.0,4.53
0.0,1.52,0.0,0.0,0.74,0.0,0.21,0.0,0.0,0.0,0.0,0.0,0.0,0.0,0.0,0.0,2.54,0.0,4.83
2.28,0.992,0.204,0.0,3.21,0.0,0.18,0.412,0.0,0.0,0.0,0.0,0.82,0.0,0.84,0.0,3.2,0.8,6.9
0.0,0.21,0.0,0.93,1.04,0.0,0.0,0.0,0.0,0.0,0.09,0.0,0.0,0.0,0.04,0.0,0.0,0.32,5.44
0.0,0.17,0.0,0.0,1.0,0.0,0.0,0.0,0.0,0.0,0.03,0.0,0.0,0.0,0.11,0.0,0.0,0.45,4.51
1.22,1.84,0.42,0.0,1.22,0.82,0.0,0.0,0.0,0.0,0.0,0.0,0.0,0.0,0.0,0.0,0.92,0.2,5.02
0.0,0.0,1.82,0.0,0.52,0.0,0.68,0.0,3.2,0.0,0.0,0.0,0.0,0.0,0.0,0.0,0.0,0.4,7.25
1.62,1.86,0.62,0.0,0.0,0.0,0.0,0.0,0.0,0.0,0.0,0.0,0.0,0.0,0.0,1.2,1.2,0.0,4.78
1.32,4.9,0.0,0.0,1.2,2.84,0.8,1.72,0.0,0.0,0.0,0.0,0.0,1.22,0.0,0.0,0.0,0.0,5.14
0.0,4.65,0.0,0.0,0.0,0.0,0.0,0.0,0.0,0.0,0.0,0.34,0.6,0.0,0.0,0.0,0.0,0.0,6.04
0.0,3.35,0.0,0.0,0.0,0.0,0.45,0.0,0.0,0.0,0.0,0.52,0.0,0.0,0.0,0.0,0.0,0.0,6.08
0.0,1.34,0.0,1.22,1.72,1.44,0.0,0.408,0.0,0.0,0.4,0.0,0.0,1.62,0.0,0.0,0.6,0.0,6.93
0.0,0.86,1.63,2.4,0.0,2.84,0.0,1.33,0.0,0.0,0.0,0.0,0.0,0.0,0.42,0.0,0.0,3.08,7.79
0.0,2.086,3.36,0.0,0.88,0.96,0.0,0.46,0.0,0.0,0.0,0.0,0.0,0.9,0.0,0.0,1.4,0.18,7.15
0.42,2.128,0.0,0.6,5.6,0.96,0.0,0.212,0.0,0.0,0.0,0.0,0.56,0.0,0.0,0.0,3.08,0.6,6.45
0.6,1.45,0.0,0.0,0.0,0.0,1.5,2.6,0.0,0.0,0.0,0.0,0.0,0.0,0.0,0.0,0.0,0.0,5.08
2.4,0.0,0.84,0.0,0.0,0.0,0.0,0.0,0.0,0.0,0.0,0.0,0.0,0.0,0.0,0.0,0.6,2.8,5.99
0.0,3.32,1.78,0.0,1.2,0.0,0.0,0.0,0.0,0.0,0.0,0.0,0.0,0.0,0.0,0.0,0.72,0.0,6.15
0.0,1.37,0.0,0.0,0.0,0.0,0.0,0.0,0.0,0.0,0.0,0.0,0.0,0.32,0.0,0.0,0.0,0.0,2.82
0.0,2.0,0.0,0.0,0.0,2.6,0.6,0.0,0.0,0.0,0.0,0.0,0.0,0.0,0.0,0.0,1.5,0.0,4.73
0.0,0.0,0.78,0.0,0.0,0.0,0.81,0.0,0.0,0.0,0.0,0.0,0.0,0.0,0.0,0.0,0.15,0.0,1.53
0.9,1.05,0.0,0.0,2.1,0.0,0.0,0.0,0.65,0.0,0.0,0.0,0.0,0.26,0.0,0.0,0.0,0.0,1.25
0.0,0.98,0.0,0.0,0.15,0.0,0.0,0.9,0.0,0.156,0.0,0.0,0.0,0.0,0.0,0.0,0.0,0.0,3.77
1.43,0.0,1.2,0.0,0.65,0.0,0.0,0.0,0.0,0.0,0.0,0.0,0.0,0.23,0.0,0.0,0.0,0.65,4.69
0.5,0.12,0.23,0.36,0.0,0.0,0.0,0.0,0.12,0.0,0.0,0.0,0.0,0.6,0.0,0.0,0.0,0.0,3.89
0.6,0.66,0.51,0.0,1.23,0.2,0.3,0.1,0.0,0.0,0.0,0.0,0.0,0.5,0.0,0.0,0.0,0.0,5.23
0.53,0.47,0.98,0.0,0.23,1.05,0.3,0.01,0.11,0.08,0.0,0.0,0.0,0.15,0.04,0.0,0.25,0.5,5.13
0.6,0.9,0.33,0.25,1.23,0.98,0.32,0.0,0.1,0.0,0.0,0.0,0.0,0.0,0.0,0.0,0.23,0.5,3.9
0.0,0.0,0.33,0.0,0.0,0.0,0.2,0.0,0.0,0.01,0.0,0.01,0.0,0.0,0.14,0.0,0.0,0.0,3.34
0.0,0.23,0.15,0.0,0.0,0.0,0.0,0.0,0.2,0.0,0.0,0.0,0.0,0.0,0.0,0.0,0.0,0.0,2.31
0.0,0.2,0.3,1.25,0.35,0.6,0.0,0.0,0.0,0.0,0.0,0.0,0.0,0.0,0.0,0.0,0.0,0.0,2.27
1.29,0.6,0.0,0.0,0.0,0.8,0.0,0.75,0.0,0.0,0.0,0.0,0.0,0.0,0.0,0.0,0.0,0.0,2.87
0.6,0.0,0.56,0.0,1.2,0.0,0.0,1.13,0.0,0.0,0.0,0.0,0.0,0.0,0.0,0.0,0.0,0.0,2.89
0.0,0.0,0.26,0.0,0.6,0.0,1.23,0.0,0.0,0.0,0.0,0.0,0.0,0.12,0.455,0.12,0.0,0.0,3.91
0.0,1.46,1.16,0.0,0.0,0.69,0.1,0.3,0.26,0.0,0.03,0.0,0.3,0.3,0.0,0.0,0.0,0.45,6.01
1.73,1.6,0.26,0.0,0.0,0.5,0.15,0.63,0.123,0.0,0.0,0.0,0.0,0.0,0.0,0.0,0.0,0.0,5.03
0.0,0.0,2.14,1.23,0.0,1.22,0.7,0.0,0.12,0.66,0.0,0.0,0.0,0.0,0.0,0.66,0.0,0.0,4.98
0.653,0.33,0.74,0.0,0.85,0.81,0.32,0.96,0.72,0.0,0.0,0.0,0.0,0.0,0.6,0.0,0.0,0.0,4.98
0.36,0.0,1.1,0.0,0.0,0.0,0.36,0.85,0.0,0.0,0.0,0.0,0.0,0.3,0.0,0.0,0.6,0.0,4.25
0.4,0.0,0.15,0.0,0.45,0.0,0.0,0.0,0.0,0.0,0.0,0.0,0.6,0.45,0.0,1.33,0.0,0.0,2.39
0.0,0.96,0.606,0.0,0.0,0.0,0.0,0.482,0.06,0.0,0.09,0.0,0.0,0.0,0.0,0.0,0.0,0.0,6.0
0.37,2.175,0.066,0.0,0.3,0.0,0.056,0.11,0.22,0.0,0.0,0.0,0.0,0.0,0.0,0.17,0.0,0.0,3.98
0.705,0.0,0.0,0.0,0.0,2.212,0.0,0.0,0.06,0.0,0.0,0.0,0.0,0.0,0.0,0.32,0.47,0.0,2.46
0.165,0.12,0.5,0.0,0.48,0.0,0.0,0.0,0.4,0.0,0.0,0.0,0.0,0.0,0.0,0.0,0.0,0.0,3.05
0.56,0.5,1.73,0.0,0.5,0.45,0.32,0.0,0.0,0.0,0.0,0.0,0.48,0.0,0.0,0.6,0.0,0.0,4.94
0.85,0.71,1.325,0.0,0.66,0.49,0.1,0.0,0.0,0.0,0.0,0.0,0.0,0.0,0.0,1.25,0.0,0.0,4.19
0.22,0.5,0.0,0.0,0.03,0.23,0.0,0.22,0.0,0.0,0.0,0.0,0.5,0.0,0.0,0.0,0.0,0.0,2.3
0.0,0.25,0.65,0.0,0.0,0.78,0.23,0.26,0.0,0.0,0.02,0.0,0.0,0.0,0.15,0.0,0.0,0.0,3.59
0.0,0.06,0.0,0.0,0.31,0.88,0.1,0.426,0.21,0.0,0.0,0.0,0.0,0.0,0.32,0.6,0.0,0.0,3.47
0.52,0.0,0.0,0.0,0.0,0.0,0.0,0.0,0.0,0.05,0.0,0.0,0.0,0.0,0.0,0.0,0.0,0.0,2.35
0.0,0.0,0.0,0.0,0.26,0.0,0.0,0.0,0.23,0.0,0.0,0.0,0.0,0.0,0.0,0.0,0.0,0.0,1.54
0.73,0.0,0.23,0.0,0.26,2.3,0.43,0.0,0.0,0.0,0.0,0.0,0.0,0.2,0.0,0.0,0.0,0.0,2.17
0.62,1.22,0.12,0.12,1.23,0.0,0.12,0.122,0.45,0.0,0.0,0.0,0.0,0.35,0.01,0.0,0.0,0.0,3.01
2.4,1.5,0.0,0.0,0.0,0.0,0.0,0.0,0.0,0.0,0.0,0.0,0.0,0.0,0.26,0.45,0.0,0.26,4.06
1.16,1.22,0.772,0.155,0.15,0.0,0.0,0.3,0.0,0.0,0.0,0.0,0.2,0.0,0.0,0.0,0.778,0.0,2.39
0.62,1.22,0.12,0.12,1.23,0.0,0.12,0.122,0.45,0.0,0.0,0.0,0.0,0.35,0.01,0.0,0.0,0.0,2.85
0.0,0.23,1.05,0.1,0.25,0.56,0.0,0.0,0.0,0.0,0.03,0.0,0.0,0.0,0.0,0.0,0.33,0.0,5.38
0.756,1.23,0.6,0.15,0.62,0.15,0.0,0.0,0.11,0.0,0.0,0.0,0.0,0.23,0.15,0.23,0.0,0.0,4.42
0.0,0.24,0.16,0.0,1.2,1.03,0.0,0.0,0.82,0.0,0.02,0.0,0.0,0.0,0.0,0.0,0.0,0.0,3.88
0.0,3.6,0.15,0.0,0.0,0.0,0.0,0.0,0.14,0.0,0.0,0.0,0.0,0.0,0.0,0.0,0.0,0.0,5.32
1.4,2.3,2.12,0.0,0.0,0.0,0.65,0.0,0.0,0.0,0.0,0.0,0.0,0.0,0.6,0.0,0.0,0.0,6.95
0.0,2.1,0.0,0.0,0.0,1.1,0.15,0.25,0.45,0.0,0.0,0.0,0.0,0.15,0.0,0.0,0.0,0.0,6.11
0.0,1.0,1.43,0.0,0.6,1.3,0.51,0.0,0.15,0.0,0.0,0.0,0.0,0.0,0.0,0.0,0.0,0.0,6.11
0.577,1.7,0.15,0.0,0.4,0.6,0.0,0.23,0.8165,0.23,0.01,0.0,0.0,0.21,0.0,0.0,0.0,0.0,6.11
0.65,1.21,0.0,0.0,0.0,0.0,0.0,1.46,0.66,0.0,0.0,0.0,0.0,0.0,0.0,0.0,0.0,0.15,5.95
0.6,0.16,0.0,0.0,0.2,0.0,0.0,0.12,0.19,0.0,0.0,0.0,0.0,0.0,0.0,0.0,0.0,0.5,4.38
0.0,0.66,0.0,0.0,0.0,0.0,0.0,0.8,0.0,0.0,0.0,0.0,0.0,0.0,0.0,0.0,0.0,0.0,3.15
0.0,0.65,0.1,0.0,1.22,0.0,0.0,0.2,0.2,0.0,0.0,0.0,0.0,0.0,0.01,0.26,0.0,0.0,3.19
0.4,0.0,3.15,0.0,1.1,0.0,0.0,0.9,0.0,0.0,0.06,0.0,0.0,0.0,0.0,0.0,0.0,0.0,4.52
1.25,1.8,0.89,0.0,0.32,0.0,0.0,0.66,0.5,0.0,0.06,0.0,0.0,0.0,0.0,0.0,0.15,0.0,5.46
0.12,3.1,0.0,0.0,0.8,0.5,0.0,0.06,0.104,0.0,0.0,0.0,0.0,0.156,0.0,0.0,0.0,0.0,4.5
0.856,0.0,1.13,1.3,0.6,0.0,0.0,0.22,0.0,0.0,0.0,0.0,0.2,0.79,0.15,0.0,0.0,0.15,3.07
0.0,0.0,0.0,0.56,0.0,0.0,0.0,0.0,0.0,0.0,0.0,0.0,0.0,0.0,0.0,0.0,0.0,0.0,0.8
0.9,0.42,0.75,0.0,0.0,0.7,0.0,0.55,0.0,0.0,0.0,0.0,0.0,0.0,0.65,0.0,0.0,0.0,4.89
0.15,0.8,0.0,0.0,0.0,2.05,0.78,0.66,0.0,0.0,0.0,0.0,0.12,0.0,0.0,0.0,0.0,0.0,2.07
0.6,0.0,1.5,0.25,0.0,0.0,0.0,0.0,0.0,0.0,0.01,0.0,0.0,0.0,0.0,0.0,0.0,0.0,1.76
0.0,0.0,0.0,0.0,0.0,0.0,0.0,0.0,0.26,0.0,0.0,0.0,0.0,0.0,0.65,0.0,0.0,0.0,4.69
0.6,0.23,0.6,0.0,0.2,0.0,0.0,0.76,0.0,0.04,0.0,0.0,0.0,0.0,0.0,0.0,0.0,0.0,2.86
0.0,0.0,0.0,0.0,0.0,0.0,0.0,0.01,0.13,0.98,0.0,0.0,0.0,0.156,0.48,0.0,0.0,0.0,4.99
1.1,2.5,0.81,0.0,0.0,0.0,0.0,0.366,0.0,0.12,0.0,0.0,0.0,0.0,0.0,0.12,0.0,0.6,5.91
0.0,0.63,0.0,0.0,2.6356,0.75,0.31,0.7255,0.2,0.0,0.0,0.0,0.0,0.33,0.0,0.0,0.0,0.0,4.68
0.4,3.76,2.77,0.0,0.83,0.0,0.0,0.0,0.0,0.0,0.01,0.0,0.0,0.0,0.0,0.26,0.46,0.0,5.26
0.45,0.14,0.0,0.0,0.9,1.0,0.0,0.25,0.2,0.01,0.0,0.0,0.0,0.0,0.0,0.0,0.0,0.0,4.94
0.0,0.0,1.4,0.0,0.0,1.5,0.15,0.0,0.0,0.0,0.0,0.0,0.0,0.0,0.0,0.0,1.3,0.0,4.82
0.0,2.4,0.6,2.0,4.2,0.0,0.0,0.0,1.55,0.0,0.0,0.0,0.0,0.0,0.0,0.0,0.0,0.0,7.07
0.516,0.9,0.55,0.0,2.336,1.245,0.0,0.0,0.56,0.0,0.0,0.0,0.33,0.0,0.17,0.0,0.0,0.0,5.34
0.3,0.26,0.22,0.0,1.05,0.0,0.3,0.56,0.45,0.0,0.0,0.0,0.0,0.87,0.0,0.0,1.25,0.0,5.61
1.0,1.2,1.27,0.0,0.0,0.0,0.0,0.35,0.31,0.01,0.08,0.0,0.0,0.0,0.0,0.0,1.5,0.0,6.48
0.0,0.0,0.48,0.0,0.0,0.0,0.0,0.0,0.5,0.0,0.13,0.0,0.0,0.0,0.0,0.0,0.0,0.5,5.16
0.0,0.0,0.78,0.0,0.0,0.81,0.0,0.0,0.12,0.065,0.0,0.0,0.0,0.0,0.05,0.9,0.4,0.56,6.14
1.5,0.23,0.5,0.0,0.6,0.45,0.12,0.32,1.19,0.0,0.0,0.0,0.0,0.13,0.0,0.0,0.62,0.0,5.48
0.66,0.0,0.5,0.15,0.5,0.0,0.0,0.0,0.0,0.1,0.0,0.03,0.0,0.0,0.0,0.0,0.0,0.0,5.18
1.23,0.25,0.7,0.66,0.0,0.0,0.0,1.01,0.0,0.0,0.12,0.0,0.12,0.0,0.0,0.0,0.0,0.0,5.39
0.23,1.44,1.21,0.0,0.96,0.6,0.0,0.37,0.62,0.0,0.0,0.0,0.0,0.0,0.0,0.0,0.645,0.0,6.57
0.0,1.2,0.0,1.22,0.15,0.0,0.0,0.1,0.63,0.0,0.0,0.0,0.22,0.0,0.0,0.0,0.455,0.0,6.29
0.0,0.0,0.0,0.0,0.564,0.0,0.69,0.8,0.7,0.0,0.0,0.0,0.0,0.0,0.0,0.0,0.0,0.0,1.65
0.0,0.56,0.85,0.0,0.0,0.66,0.0,0.0,0.0,0.0,0.0,0.0,0.23,0.0,0.66,0.0,0.0,0.0,5.09
0.0,0.41,0.0,0.96,0.0,0.12,0.3733,0.0,0.0,0.0,0.0,0.0,0.0,0.0,0.0,0.0,0.85,0.0,2.99
0.0,0.6256,0.561,0.41,0.0,0.26,0.0,0.0,0.16,0.0,0.0,0.0,0.0,0.0,0.0,0.0,0.0,0.0,2.91
0.42,0.0,0.0,0.67,0.0,0.33,0.0,0.6,0.0,0.0,0.05,0.0,0.0,0.0,0.0,0.15,0.0,0.0,3.28
0.0,0.33,0.0,0.0,0.68,0.48,0.23,0.583,0.1,0.0,0.0,0.0,0.0,0.23,0.0,0.0,0.0,0.0,2.81
0.0,1.241,0.0,0.0,0.63,0.85,0.0,0.0,0.731,0.0,0.0,0.0,0.0,0.0,0.0,0.0,0.0,0.0,2.83
0.0,0.0,0.3,0.0,0.0,0.0,0.0,0.0,0.0,0.0,0.0,0.0,0.0,0.0,0.0,0.0,0.0,0.0,3.01
0.056,0.36,0.33,0.15,0.15,0.0,0.0,0.36,0.0,0.0,0.0,0.0,0.0,0.0,0.0,0.0,0.0,0.0,2.66
1.01,0.0,0.15,0.0,0.0,0.25,0.81,0.33,0.0,0.0,0.0,0.0,0.0,0.0,0.0,0.0,0.0,0.0,2.38
0.0,0.62,0.26,0.0,0.0,0.4,0.0,0.15,0.15,0.0,0.0,0.0,0.0,0.0,0.0,0.0,0.0,0.0,1.79
1.17,0.41,0.3,0.0,0.15,0.0,0.0,1.387,0.0,0.0,0.0,0.0,0.0,0.0,0.0,0.0,0.0,0.0,3.51
0.0,0.0,0.52,0.0,0.3,0.32,0.0,0.0,0.0,0.0,0.0,0.0,0.0,0.0,0.0,0.0,0.0,0.0,2.78
0.0,0.1251,0.66,0.0,0.67,0.0,0.0,0.36,0.0,0.0,0.0,0.0,0.0,0.0,0.0,0.0,0.0,0.0,2.77
0.0,0.0,0.6,0.5,0.6,0.81,0.0,0.6521,0.0,0.0,0.0,0.0,0.0,0.0,0.0,0.0,0.0,0.0,2.75
0.15,1.18,0.0,0.233,0.43,0.47,0.15,0.0,0.0,0.0,0.0,0.0,0.0,0.0,0.0,0.0,0.0,0.0,2.59
0.15,0.0,0.0,0.15,0.63,0.54,0.0,0.1,0.0,0.0,0.0,0.0,0.0,0.0,0.0,0.0,0.0,0.0,1.25
0.0,1.6556,0.89,0.0,0.11,0.15,0.0,0.15,0.0,0.01,0.0,0.0,0.0,0.3,0.0,0.0,0.0,0.0,3.84
0.0,0.0,1.47,0.63,0.0,0.36,0.0,0.11,0.0,0.05,0.0,0.0,0.05,0.0,0.0,0.0,0.0,0.0,3.85
0.63,0.0,0.95,0.15,0.0,0.23,0.32,0.0,0.57,0.0,0.0,0.0,0.0,0.01,0.0,0.0,0.0,0.0,4.5
1.31,2.11,0.0,0.32,0.0,0.12,0.0,0.652,0.3,0.0,0.0,0.0,0.0,0.0,0.01,0.0,0.0,0.0,4.7
0.51,0.0,0.45,0.32,0.48,0.36,0.32,0.0,0.15,0.0,0.01,0.0,0.0,0.3,0.0,0.015,0.15,0.0,4.66
0.0,0.0,0.18,0.0,0.15,0.36,0.15,0.33,0.15,0.0,0.0,0.0,0.0,0.0,0.0,0.0,0.15,0.0,4.6
0.0,0.73,0.36,0.0,0.0,0.0,0.36,0.8,0.0,0.0,0.0,0.0,0.0,0.0,0.0,0.8,0.0,0.0,5.84
0.85,0.23,0.12,0.0,0.0,0.0,0.0,0.38,0.62,0.0,0.04,0.0,0.0,0.0,0.0,0.0,0.0,0.0,5.81
0.52,0.0,0.0,0.0,0.63,0.0,0.415,0.0,0.0,0.0,0.0,0.054,0.0,0.0,0.0,0.0,0.0,0.0,6.65
0.55,0.0,0.23,0.0,0.0,0.73,0.0,0.0,0.75,0.0,0.0,0.0,0.0,0.0,0.0,0.0,0.0,0.0,7.22
0.6,0.75,0.23,0.0,1.36,0.22,0.0,0.15,0.0,0.01,0.02,0.0,0.0,0.23,0.0,0.41,0.0,0.0,2.84
0.67,0.23,0.57,0.0,0.0,2.12,0.34,0.0,0.0,0.0,0.0,0.0,0.0,0.0,0.0,0.0,0.0,0.0,3.12
0.64,1.58,0.0,1.23,0.0,0.78,0.0,0.0,0.23,0.0,0.0,0.0,0.15,0.23,0.0,0.0,0.0,0.0,2.55
0.89,0.36,0.26,0.0,0.7,0.25,0.12,0.43,0.23,0.0,0.0,0.01,0.0,0.35,0.0,0.0,0.0,0.0,4.85
0.1,0.47,0.32,0.0,0.12,1.31,0.6,0.47,0.0,0.0,0.0,0.0,0.0,0.0,0.0,0.0,0.0,0.0,3.02
0.32,0.23,0.3,0.15,0.44,0.23,0.43,0.11,0.48,0.0,0.01,0.02,0.0,0.0,0.0,0.0,0.15,0.0,4.59
0.84,1.27,0.0,0.0,0.25,0.15,0.0,0.0,0.0,0.0,0.0,0.0,0.0,0.0,0.66,0.0,0.0,0.0,4.88
0.47,0.75,0.32,0.37,0.15,0.82,0.0,0.22,0.11,0.0,0.0,0.0,0.0,0.0,0.15,0.0,0.0,0.0,4.45
0.44,1.485,0.0,0.0,2.3,1.21,0.411,0.0,0.0,0.0,0.0,0.0,0.0,0.11,0.0,0.0,0.15,0.0,4.65
0.75,0.25,0.67,0.0,0.58,0.99,0.11,0.78,0.0,0.0,0.0,0.0,0.0,0.14,0.0,0.11,0.0,0.0,5.12
0.213,0.55,0.21,0.562,0.86,0.26,0.41,0.0,0.413,0.0,0.0,0.01,0.0,0.11,0.3,0.0,0.11,0.213,5.55
0.12,0.38,1.11,0.0,0.0,0.92,0.11,0.46,0.64,0.0,0.0,0.0,0.18,0.0,0.0,0.15,0.0,0.0,4.15
0.2,0.35,0.92,0.0,0.375,0.475,0.0,0.0,0.533,0.0,0.0,0.02,0.0,0.0,0.0,0.0,0.0,0.0,5.99
0.51,0.0,0.15,0.15,0.0,0.32,0.0,0.26,0.65,0.0,0.0,0.0,0.0,0.0,0.0,0.0,0.0,0.0,5.48
0.0,0.3,0.2,0.13,0.77,0.0,0.3,0.0,0.11,0.0,0.0,0.0,0.0,0.0,0.0,0.1,0.0,0.0,2.44
0.2,0.6,0.945,0.11,0.0,1.1,0.0,0.11,0.0,0.0,0.0,0.0,0.0,0.0,0.0,0.0,0.0,0.0,2.85
0.3,0.844,0.562,1.21,0.156,0.33,0.0,0.0,0.12,0.0,0.0,0.0,0.0,0.0,0.0,0.0,0.0,0.0,4.21
0.25,0.11,0.0,0.0,0.23,0.3,0.0,0.0,0.32,0.0,0.0,0.0,0.0,0.0,0.0,0.0,0.0,0.0,3.51
0.11,0.0,0.85,0.0,1.38,1.67,0.0,0.43,0.21,0.0,0.01,0.0,0.0,0.0,0.15,0.0,0.0,0.0,4.86
0.385,0.0,1.12,1.2,0.0,0.0,0.0,0.45,0.0,0.0,0.0,0.0,0.0,0.0,0.0,0.0,0.0,0.0,4.18
0.81,0.59,0.34,0.13,0.32,0.44,0.0,0.42,0.12,0.0,0.0,0.0,0.0,0.0,0.0,0.0,0.0,0.0,4.05
0.23,0.0,0.0,0.23,0.12,0.52,0.15,0.23,0.44,0.0,0.0,0.0,0.0,0.0,0.0,0.0,0.0,0.0,3.82
0.0,0.26,0.62,0.65,1.51,0.0,0.21,0.32,0.23,0.0,0.0,0.0,0.0,0.01,0.0,0.0,0.0,0.0,4.24
1.174,0.15,0.0,0.0,0.0,0.582,0.11,0.4,0.2,0.0,0.0,0.0,0.0,0.0,0.0,0.2,0.0,0.0,3.85
0.29,0.23,0.55,0.0,0.15,0.67,0.0,0.23,0.0,0.0,0.0,0.0,0.0,0.0,0.0,0.0,0.0,0.0,3.54
0.0,0.33,0.3,0.85,0.52,0.0,0.15,0.33,0.0,0.0,0.0,0.0,0.0,0.15,0.0,0.0,0.0,0.0,3.42
0.52,0.892,0.75,0.32,0.27,0.8,0.32,0.0,0.3,0.0,0.0,0.0,0.0,0.0,0.0,0.0,0.0,0.0,5.0
0.0,1.063,0.626,0.0,1.53,0.266,0.0,0.11,0.0,0.0,0.0,0.0,0.0,0.0,0.0,0.0,0.0,0.0,3.45
0.0,0.0,0.0,0.62,0.0,0.0,0.0,0.0,0.0,0.0,0.0,0.0,0.0,0.0,0.0,0.0,0.0,0.0,2.69
0.9,0.0,0.75,0.12,0.32,1.65,0.0,0.0,0.5,0.0,0.0,0.0,0.0,0.0,0.0,0.0,0.0,0.0,4.73
0.216,0.3,0.91,0.0,0.6,0.0,0.0,0.36,0.2656,0.0,0.0,0.0,0.0,0.0,0.0,0.02,0.0,0.0,3.74
0.0,0.55,0.78,0.15,0.62,1.25,0.25,0.0,0.651,0.0,0.0,0.0,0.0,0.0,0.0,0.0,0.0,0.0,5.11
1.11,0.51,0.0,0.0,0.03,0.356,0.0,0.25,0.25,0.0,0.0,0.0,0.0,0.0,0.0,0.0,0.0,0.0,3.8
0.32,0.39,0.14,0.0,0.62,0.652,0.0,0.58,0.626,0.0,0.0,0.0,0.0,0.0,0.0,0.0,0.0,0.0,4.24
1.376,0.21,0.42,0.6251,0.0,0.44,0.0,0.15,0.252,0.0,0.0,0.0,0.0,0.0,0.0,0.35,0.0,0.0,4.4
0.0,0.125,0.0,0.0,0.0,0.0,0.0,0.0,0.018,0.0,0.0,0.0,0.0,0.0,0.0,0.0,0.0,0.0,2.68
0.0,0.35,0.2,0.0,1.2,1.63,0.12,0.224,0.05,0.0,0.085,0.0,0.0,0.0,0.0,0.0,0.2,0.0,5.25
0.32,0.15,0.0,0.0,0.0,0.41,0.15,0.26,0.66,0.0,0.0,0.0,0.0,0.0,0.0,0.0,0.0,0.0,4.03
0.0,0.383,0.3,0.74,0.0,0.0,0.0,0.0,0.0,0.0,0.0,0.0,0.0,0.0,0.0,0.0,0.0,0.0,3.21
0.0,0.22,0.0,0.55,0.54,0.45,0.0,0.0,0.0,0.0,0.055,0.0,0.0,0.0,0.0,0.0,0.0,0.0,3.61
0.0,0.82,0.0,0.0,0.0,0.0,0.0,0.0,0.0,0.0,0.0,0.0,0.0,0.0,0.0,0.11,0.12,0.0,2.85
0.32,0.24,0.75,0.0,0.0,0.11,0.22,0.36,0.0,0.01,0.0,0.0,0.11,0.2,0.0,0.0,0.0,0.0,4.17
0.0,0.0,0.66,0.32,0.11,0.0,0.11,0.32,0.0,0.0,0.01,0.03,0.0,0.01,0.0,0.12,0.0,0.0,3.61
0.15,0.5,0.0,0.0,0.32,0.0,0.0,0.3,0.1,0.02,0.021,0.0,0.0,0.0,0.15,0.13,0.32,0.0,3.63
0.27,0.73,0.0,0.0,0.12,0.0,0.0,0.0,0.0,0.0,0.0,0.01,0.0,0.01,0.0,0.0,0.0,0.52,3.2
0.0,0.45,0.46,0.0,0.0,0.0,0.0,0.0,0.0,0.0,0.0,0.0,0.0,0.04,0.0,0.0,0.0,0.0,2.87
0.3,0.0,0.0,0.0,0.0,0.0,0.0,0.0,0.0,0.0,0.0,0.0,0.0,0.11,0.6,0.015,0.15,0.0,3.69
0.685,1.85,0.11,0.0,1.261,0.37,0.15,0.44,0.25,0.0,0.001,0.005,0.0,0.0,0.0,0.0,0.0,0.0,4.63
0.15,0.55,0.0,0.0,0.47,0.0,0.23,0.32,0.0,0.01,0.0,0.0,0.0,0.0,0.22,0.0,0.0,0.0,3.35
0.0,0.32,1.43,0.0,0.11,1.31,0.14,0.15,0.0,0.0,0.0,0.0,0.0,0.0,0.0,0.62,0.0,0.62,4.91
0.0,0.88,1.55,0.0,0.0,0.0,0.0,0.62,0.11,0.0,0.0,0.06,0.0,0.11,0.0,0.0,0.0,0.0,5.12
0.22,0.0,0.0,0.0,1.476,1.84,0.0,0.372,0.35,0.0,0.05,0.005,0.0,0.0,0.0,0.0,0.66,0.0,5.54
1.18,0.65,0.55,1.25,0.0,0.23,0.0,0.62,0.0,0.3,0.0,0.008,0.0,0.0,0.0,0.0,0.0,0.0,5.87
0.11,2.47,1.37,0.615,0.15,0.15,1.06,0.78,0.12,0.0,0.0,0.0,0.0,0.52,0.0,0.616,0.0,0.15,5.34
0.52,0.32,0.221,0.0,2.14,0.0,0.0,0.12,0.0,0.0,0.0,0.0,0.0,0.0,0.0,0.0,0.0,0.0,3.33
0.66,0.25,0.55,0.0,0.302,1.76,0.15,0.25,0.65,0.0,0.0,0.0,0.0,0.0,0.21,0.0,0.55,0.0,6.1
0.2,1.17,0.15,0.62,0.82,0.15,0.0,0.3,0.25,0.06,0.0,0.008,0.0,0.0,0.0,0.0,0.0,0.16,4.57
0.15,1.8,0.63,0.0,0.91,0.0,0.0,1.27,0.0,0.0,0.0,0.0,0.0,0.566,0.0,0.62,0.0,0.0,4.02
1.22,0.0,0.27,0.0,0.0,2.451,0.0,0.6,0.0,0.0,0.02,0.0,0.0,0.0,0.0,0.0,0.51,0.15,5.64
0.6,0.15,0.52,0.0,0.51,0.0,0.0,0.63,0.65,0.0,0.0,0.0,0.0,0.0,0.12,0.0,0.0,0.0,4.68
0.36,2.0,0.0,0.52,1.8,0.15,0.415,0.84,0.0,0.05,0.01,0.0,0.0,0.66,0.0,0.0,0.0,0.0,4.41
0.0,0.626,0.22,0.0,0.84,0.51,0.0,0.0,0.63,0.0,0.0,0.0,0.0,0.0,0.0,0.0,0.0,0.0,4.71
0.0,0.18,0.23,0.626,0.48,0.0,0.0,0.11,0.15,0.0,0.0,0.0,0.0,0.0,0.0,0.0,0.0,0.0,3.41
0.0,0.0,0.34,0.0,1.49,1.21,0.15,0.88,0.11,0.0,0.05,0.0,0.0,0.61,0.0,0.0,0.0,0.0,5.28
0.15,1.22,0.48,0.0,0.0,0.14,0.15,0.65,0.65,0.0,0.0,0.0,0.0,0.0,0.0,0.0,0.0,0.0,4.46
0.0,0.0,0.25,0.6,0.22,0.4,0.0,0.48,0.15,0.0,0.0,0.15,0.0,0.0,0.0,0.0,0.0,0.0,5.95
0.15,0.75,0.83,0.0,0.55,1.09,0.0,0.0,0.25,0.0,0.32,0.15,0.0,0.165,0.0,0.0,0.0,0.0,9.63
0.0,0.63,0.52,0.15,0.66,1.01,0.0,0.56,0.621,0.0,0.15,0.0,0.0,0.0,0.0,0.0,0.0,0.0,6.25
0.0,0.0,0.15,0.0,0.15,0.55,0.11,0.6,0.74,0.0,0.22,0.0,0.0,0.0,0.0,0.0,0.0,0.0,6.62
0.0,0.52,1.21,0.0,1.2,0.45,0.0,0.0,0.51,0.0,0.05,0.05,0.0,0.0,0.0,0.0,0.0,0.0,6.03
0.32,1.32,0.31,0.0,0.0,0.45,0.0,0.47,0.25,0.0,0.0,0.041,0.0,0.0,0.0,0.0,0.0,0.0,4.6
0.0,0.25,0.0,0.0,0.55,1.441,0.0,0.0,0.0,0.0,0.0,0.01,0.0,0.0,0.0,0.0,0.0,0.0,3.87
0.0,0.7,0.15,0.0,0.0,0.32,0.0,0.0,1.2,0.0,0.0,0.0,0.0,0.0,0.0,0.0,0.0,0.0,5.08
0.33,1.55,0.582,0.0,0.77,0.0,0.63,0.0,0.63,0.0,0.0,0.23,0.0,0.0,0.0,0.0,0.0,0.0,7.71
0.0,0.262,1.32,0.0,0.0,0.94,0.0,0.15,0.0,0.0,0.0,0.0,0.0,0.0,0.0,0.0,0.0,0.0,4.01
0.0,0.26,0.38,0.32,0.0,0.0,0.0,0.62,0.69,0.0,0.0,0.051,0.0,0.0,0.0,0.0,0.0,0.0,5.11
0.0,1.17,0.55,0.15,0.62,0.51,0.0,0.0,0.15,0.15,0.23,0.085,0.0,0.0,0.0,0.0,0.0,0.0,7.61
0.15,1.203,0.0,0.5,0.0,0.0,0.33,0.176,0.0,0.15,0.0,0.051,0.0,0.0,0.0,0.0,0.0,0.0,4.57
0.0,0.25,0.32,0.0,1.133,0.74,0.25,0.22,0.66,0.0,0.021,0.1,0.0,0.0,0.0,0.0,0.0,0.0,6.57
0.0,0.156,0.15,0.0,0.0,1.12,0.0,0.85,0.36,0.05,0.0,0.0,0.36,0.0,0.51,0.0,0.0,0.0,5.47
1.43,0.78,0.15,0.4,0.51,0.0,0.0,0.0,0.63,0.0,0.0,0.23,0.0,0.0,0.0,0.0,0.0,0.0,7.67
1.24,1.6603,0.15,0.0,0.3,0.66,0.25,0.921,0.0,0.0,0.0,0.012,0.0,0.63,0.0,0.623,0.0,0.0,4.81
0.0,0.0,0.2,0.0,0.0,1.51,0.15,0.63,0.0,0.05,0.0,0.0,0.66,0.0,0.0,0.0,0.0,0.35,4.38
0.412,0.26,0.11,0.0,0.0,1.37,0.66,0.0,0.1,0.0,0.0,0.032,0.0,0.2,0.0,0.0,0.0,0.0,4.74
1.22,0.8,1.37,0.0,0.0,0.12,0.0,0.336,0.0,0.0,0.52,0.0,0.25,0.0,0.215,0.0,0.0,0.65,9.76
0.0,0.0,0.0,0.32,0.15,0.62,0.0,0.865,0.0,0.0,0.51,0.0,0.0,0.0,0.0,0.0,0.0,0.0,8.18
0.11,1.02,0.0,0.0,0.0,0.552,0.0,0.0,0.0,0.0,0.15,0.051,0.0,0.0,0.0,0.15,0.652,0.0,5.45
0.25,0.0,0.8,0.0,0.0,0.6,1.8326,0.0,0.7,0.15,0.0,0.0,0.0,0.0,0.0,0.0,0.0,0.15,6.13
0.566,0.62,0.4,0.0,1.2,0.0,0.0,0.55,0.0,0.0,0.0,0.0,0.0,0.515,0.0,0.0,0.15,0.0,3.88
0.0,1.14,0.65,0.0,0.0,0.6,0.125,0.66,0.0,0.0,0.0,0.05,0.0,0.0,0.0,0.0,0.0,0.0,4.58
0.15,0.25,0.0,0.0,0.0,0.15,0.77,0.51,0.0,0.0,0.0,0.0,0.0,0.0,0.0,0.0,0.0,0.0,3.26
0.0,0.0,0.25,0.0,0.15,0.55,0.0,0.0,0.0,0.0,0.0,0.0,0.0,0.0,0.0,0.0,0.0,0.0,3.04
0.0,0.0,0.0,0.0,0.36,0.52,0.26,0.17,0.6,0.0,0.0,0.0,0.0,0.0,0.0,0.0,0.0,0.0,4.12
0.52,0.84,0.16,0.0,1.16,0.85,0.32,0.0,0.0,0.0,0.0,0.0,0.0,0.0,0.0,0.0,0.0,0.0,3.46
0.0,0.52,0.32,0.0,0.085,0.52,0.52,0.0,0.15,0.0,0.0,0.0,0.0,0.0,0.0,0.0,0.0,0.0,3.77
0.61,0.0,0.46,0.0,0.63,0.0,0.26,0.35,0.0,0.01,0.1,0.04,0.0,0.0,0.0,0.0,0.32,0.0,5.04
0.0,0.15,1.126,0.0,0.0,2.1715,0.32,0.063,0.0,0.0,0.0,0.0,0.0,0.0,0.0,0.0,0.0,0.0,4.38
0.0,0.65,0.7,0.0,0.0,0.0,0.15,0.0,0.5,0.0,0.0,0.0,0.0,0.0,0.0,0.0,0.0,0.0,3.87
0.24,0.11,0.612,0.0,0.0,0.0,0.56,0.0,0.0,0.0,0.06,0.0,0.0,0.0,0.0,0.0,0.0,0.0,3.8
1.43,0.63,0.0,0.0,0.15,1.65,0.51,0.36,0.0,0.0,0.05,0.0,0.0,0.0,0.0,0.32,0.0,0.0,4.44
0.0,0.84,0.0,0.0,0.0,0.0,0.0,0.0,0.66,0.0,0.0,0.0,0.0,0.0,0.0,0.0,0.085,0.0,3.79
0.12,0.3026,0.1,0.0,0.65,0.0,0.0,0.85,0.25,0.0,0.0,0.01,0.0,0.0,0.0,0.0,0.552,0.0,3.7
0.562,0.33,0.33,0.0,0.0,2.44,0.25,0.31,0.0,0.0,0.0,0.0,0.0,0.0,0.0,0.0,0.0,0.0,3.56
0.15,0.36,0.0,0.32,0.0,2.51,0.0,0.15,0.0,0.0,0.0,0.0,0.0,0.0,0.0,0.15,0.0,0.0,3.16
0.12,0.51,0.0,0.0,0.32,0.0,0.0,0.0,0.0,0.0,0.01,0.0,0.0,0.0,0.0,0.0,0.0,0.0,2.85
0.0,0.5,1.38,0.47,0.11,0.11,0.0,0.0,0.0,0.0,0.0,0.06,0.0,0.0,0.0,0.0,0.0,0.0,4.97
0.15,0.933,0.15,0.0,0.0,0.76,0.36,0.96,1.19,0.0,0.0,0.0,0.0,0.0,0.0,0.0,0.0,0.0,5.57
0.52,0.25,0.15,0.0,0.0,0.22,0.0,0.15,0.0,0.0,0.0,0.0,0.0,0.0,0.0,0.52,0.0,0.0,3.13
1.04,0.515,1.03,0.65,1.03,0.0,0.6,0.33,0.32,0.0,0.001,0.0,0.0,0.0,0.0,0.0,0.0,0.0,4.67
0.0,1.4,0.55,0.15,0.15,0.75,0.32,0.9,0.215,0.0,0.05,0.0,0.0,0.0,0.0,0.0,0.0,0.0,4.63
0.35,0.78,0.22,0.55,0.62,0.55,0.51,0.23,0.15,0.0,0.0,0.0,0.0,0.0,0.0,0.03,0.32,0.26,4.25
1.2,1.611,0.656,1.02,0.51,0.22,0.0,0.4,1.3,0.0,0.0,0.006,0.0,0.0,0.0,0.11,0.0,0.0,6.89
1.21,1.34,1.43,0.51,0.51,0.0,0.4,0.0,0.0,0.0,0.0,0.08,0.0,0.0,0.0,0.0,0.0,0.0,5.49
0.26,1.102,2.05,0.78,0.0,0.93,0.85,0.0,0.0,0.01,0.0,0.02,0.0,0.0,0.0,0.0,0.0,0.0,5.29
0.15,0.555,1.44,0.55,0.0,1.7151,0.15,0.52,0.0,0.0,0.0,0.01,0.0,0.0,0.0,0.0,0.15,0.0,5.28
0.22,0.61,1.13,0.17,0.0,0.0,0.1,0.0,0.65,0.0,0.0,0.0,0.0,0.0,0.0,0.0,0.0,0.0,4.61
0.635,0.56,1.92,0.45,0.33,0.298,0.0,0.15,0.15,0.0,0.0,0.08,0.0,0.0,0.0,0.0,0.0,0.0,7.25
0.66,1.1612,0.85,0.0,0.0,0.0,0.82,0.0,0.52,0.0,0.12,0.0,0.32,0.0,0.0,0.3,0.0,0.5,5.74
0.0,1.11,0.651,0.0,0.51,0.65,0.164,0.0,0.0,0.0,0.11,0.15,0.15,0.0,0.0,0.0,0.0,0.158,8.55
0.15,0.0,0.621,0.0,0.66,1.176,0.513,0.62,0.0,0.0,0.0,0.0,0.0,0.32,0.0,0.0,0.0,0.0,3.45
0.0,0.55,0.0,0.0,0.63,0.5,0.0,0.5,0.1,0.0,0.0,0.0,0.0,0.15,0.0,0.0,0.0,0.0,3.15
0.0,0.52,0.0,0.0,0.62,0.26,0.0,0.6,0.18,0.0,0.0,0.0,0.0,0.55,0.0,0.15,0.516,0.15,4.95
0.762,0.15,0.15,0.0,0.0,1.086,0.63,0.0,0.0,0.0,0.04,0.02,0.32,0.15,0.0,0.0,0.0,0.0,6.22
1.253,0.53,0.3,0.0,0.22,1.14,0.0,0.0,0.0,0.0,0.0,0.0,0.216,0.0,0.0,0.0,0.0,0.0,6.85
0.0,0.765,0.63,0.0,0.0,0.63,0.0,0.84,0.0,0.0,0.0,0.0,0.51,0.0,0.36,0.0,0.0,0.0,6.15
0.32,0.975,0.89,0.0,0.5,1.25,0.0,0.63,0.0,0.0,0.0,0.0,0.66,0.0,0.15,0.52,0.0,0.0,6.44
0.872,0.0,0.941,0.0,0.15,0.85,0.0,0.12,1.061,0.23,0.51,0.0,0.0,0.51,0.565,0.0,0.612,0.0,9.69
0.6,1.38,1.71,0.41,0.0,1.85,0.5,0.62,0.05,0.1,0.0,0.06,0.0,0.51,0.0,0.0,0.0,0.0,9.33
0.0,0.66,0.87,0.0,0.0,1.73,0.0,0.51,0.0,0.0,0.1,0.0,0.0,0.0,0.0,0.52,0.0,0.0,4.23
0.25,1.2551,0.75,0.0,1.02,0.0,0.0,0.0,0.0,0.0,0.0,0.0,0.0,0.33,0.0,0.0,0.16,0.0,3.23
0.11,0.93,1.37,0.0,0.0,0.0,0.3,0.32,0.52,0.14,0.0,0.0,0.32,0.15,0.0,0.0,0.16,0.0,4.25
0.77,0.0,0.846,0.0,0.11,0.5621,0.0,0.0,0.0,0.15,0.0,0.0,0.32,0.515,0.55,0.0,0.062,0.0,4.25
0.51,0.95,0.15,0.0,0.15,0.18,0.0,0.5,0.1,0.0,0.0,0.156,0.055,0.2,0.0,0.0,0.15,0.0,7.66
0.062,0.265,0.38,0.0,0.0,0.0,0.0,0.0,0.0,0.05,0.01,0.0,0.85,0.0,0.0,0.0,0.0,0.0,2.56
1.186,0.0,0.51,0.0,0.0,1.14,0.15,0.32,0.0,0.0,0.0,0.0,0.0,0.0,0.0,0.0,0.0,0.0,2.65
0.12,0.52,1.81,0.0,0.15,0.0,0.0,0.0,0.0,0.0,0.0,0.05,0.0,0.0,0.0,0.0,0.0,0.0,4.89
0.62,0.91,1.69,0.11,0.33,0.0,0.0,0.35,0.61,0.0,0.0,0.0,0.0,0.0,0.51,0.0,0.0,0.0,8.66
0.85,0.32,3.05,0.15,0.0,0.615,0.12,0.3,0.0,0.01,0.08,0.1,0.0,0.0,0.0,0.0,0.0,0.0,8.69
0.0,0.66,1.28,0.0,0.145,0.0,0.0,0.12,0.0,0.0,0.0,0.0,0.0,0.0,0.0,0.0,0.0,0.644,5.32
0.52,0.15,2.22,0.0,1.37,1.21,0.0,0.541,0.18,0.0,0.0,0.0,0.52,0.05,0.52,0.0,0.0,0.0,6.58
0.825,0.0,1.49,0.0,0.55,0.74,0.0,0.0,0.15,0.0,0.08,0.0,0.0,0.0,0.02,0.0,0.0,0.0,5.65
0.2,1.232,1.6,0.0,0.5665,0.61,0.0,0.0,0.5,0.01,0.0,0.0,0.0,0.0,0.5,0.0,0.0,0.656,6.85
0.49,0.44,2.16,0.36,0.78,0.85,0.0,0.55,0.562,0.0,0.0,0.0,0.15,0.0,0.63,0.0,0.0,0.0,5.45
0.495,0.0,1.46,0.0,0.4566,0.45,0.0,0.51,0.145,0.0,0.0,0.02,0.0,0.33,0.621,0.0,0.0,0.61,7.62
0.0,2.28,1.391,0.0,0.1,0.77,0.32,0.514,0.0,0.08,0.0,0.0,0.0,0.0,0.15,0.0,0.0,0.0,5.44
2.03,2.5415,0.48,0.51,0.0,0.0,0.0,0.7,0.0,0.15,0.0,0.0,0.33,0.0,0.0,0.0,0.0,0.0,5.55
0.32,2.041,1.18,0.0,0.0,0.0,0.0,1.02,0.0,0.0,0.0,0.064,0.0,0.15,0.0,0.0,0.0,0.0,7.11
0.0,2.64,0.0,0.0,0.0,2.13,0.52,0.51,0.0,0.15,0.0,0.0,0.0,0.0,0.51,0.0,0.0,0.0,6.58
1.45,1.315,0.36,0.0,0.6,0.47,0.0,0.0,0.0,0.0,0.0,0.0,0.0,0.0,0.52,0.0,0.0,0.0,5.25
0.51,1.031,1.27,0.62,0.0,0.25,0.45,0.0,0.0,0.0,0.0,0.0,0.01,0.05,0.5,0.0,0.0,0.0,5.63
0.0,0.52,0.51,0.0,0.45,0.63,0.0,0.85,0.0,0.0,0.0,0.0,0.045,0.0,0.51,0.0,0.0,0.0,5.12
1.48,1.34,0.99,0.0,0.585,0.711,0.0,0.1625,0.0,0.0,0.0,0.0,0.0,0.11,0.015,0.0,0.0,0.0,5.45
1.765,0.0,1.82,0.15,0.956,0.0,0.0,0.15,0.0,0.0,0.0,0.0,0.0,0.0,0.0,0.0,0.0,0.0,3.56
0.552,0.0,1.35,0.0,0.345,0.0,0.65,0.55,0.0,0.0,0.0,0.0,0.0,0.0,0.0,0.0,0.0,0.0,4.22
0.78,0.62,1.35,0.51,0.0,0.21,0.0,0.84,0.0,0.62,0.0,0.0,0.0,0.003,0.0,0.0,0.0,0.0,7.58
1.015,0.0,0.78,0.0,0.0,0.0,0.0,0.74,0.0,0.0,0.0,0.0,0.0,0.0,0.015,0.0,0.0,0.0,2.33
1.23,0.0,0.85,0.0,0.0,0.0,0.855,1.02,0.0,0.0,0.0,0.001,0.0,0.0,0.0,0.0,0.0,0.0,2.01
1.73,0.51,1.48,0.15,0.0,0.0,0.0,0.45,0.0,0.0,0.0,0.0,0.0,0.0,0.0,0.0,0.0,0.0,2.25
0.11,0.87,0.15,0.0,0.12,0.11,0.11,0.65,0.0,0.0,0.0,0.0,0.0,0.0,0.0,0.0,0.0,0.0,2.65
0.41,0.32,0.0,0.2,0.0,0.23,0.0,0.0,0.0,0.0,0.007,0.0,0.0,0.0,0.0,0.0,0.0,0.0,2.41
0.26,0.3,0.0,0.0,0.65,0.32,0.1,0.2,0.0,0.0,0.0,0.0,0.0,0.0,0.0,0.0,0.0,0.0,2.33
0.0,0.0,0.32,0.0,0.0,0.0,0.15,0.1,0.0,0.0,0.0,0.0,0.0,0.0,0.0,0.0,0.0,0.0,2.0
0.32,0.1,0.32,0.0,0.0,0.63,0.0,0.32,0.0,0.0,0.0,0.0,0.04,0.0,0.15,0.0,0.0,0.0,1.85
0.0,0.29,0.11,0.32,0.0,0.3,0.32,0.0,0.0,0.0,0.0,0.0,0.0,0.0,0.0,0.0,0.0,0.0,1.62
0.242,0.33,0.14,0.0,0.0,0.0,0.0,0.0,0.4,0.0,0.0,0.0,0.0,0.0,0.0,0.0,0.0,0.0,2.08
0.0,0.1,0.0,0.0,0.15,0.15,0.0,0.41,0.1,0.01,0.0,0.0,0.0,0.0,0.0,0.0,0.0,0.0,2.66
0.0,0.11,0.0,0.0,0.1,0.42,0.0,0.0,0.0,0.0,0.0,0.002,0.0,0.0,0.0,0.0,0.0,0.0,2.32
0.15,0.0,0.0,0.0,0.0,0.37,0.0,0.17,0.0,0.0,0.0,0.0,0.32,0.0,0.0,0.0,0.0,0.0,2.15
0.25,0.52,0.1,0.0,0.1,0.0,0.0,0.11,0.0,0.0,0.0,0.0,0.0,0.0,0.0,0.01,0.05,0.0,2.01
0.0,0.0,0.0,0.45,0.0,0.15,0.0,0.0,0.0,0.0,0.0,0.0,0.0,0.0,0.52,0.0,0.0,0.0,2.88
0.0,0.42,0.07,0.015,1.53,0.0,0.0,0.0,0.156,0.0,0.0,0.0,0.0,0.0,0.0,0.0,0.0,0.0,2.6
0.0,0.51,0.0,0.0,0.0,0.0,0.0,0.61,0.0,0.008,0.0,0.0,0.0,0.0,0.0,0.0,0.0,0.0,2.15
0.0,0.0,0.721,0.0,0.0,0.1,0.0,0.0,0.0,0.0,0.0,0.003,0.0,0.0,0.0,0.0,0.0,0.0,1.5
0.0,0.0,0.0,0.0,0.3,0.0,0.26,0.5,0.0,0.0,0.0,0.0,0.1,0.0,0.0,0.0,0.0,0.0,2.14
0.77,0.3,0.0,0.0,0.0,0.51,0.0,0.21,0.0,0.0,0.001,0.0,0.0,0.0,0.0,0.0,0.0,0.0,1.45
0.51,0.0,0.0,0.35,0.6,0.12,0.0,0.1,0.0,0.0,0.0,0.0,0.0,0.0,0.52,0.0,0.0,0.0,3.25
0.2,0.32,0.0,0.0,0.0,0.0,0.0,0.0,0.512,0.0,0.0,0.0,0.0,0.0,0.0,0.0,0.0,0.0,1.78
0.0,0.1,0.1,0.0,0.0,0.0,0.0,0.04,0.0,0.009,0.0,0.0,0.0,0.0,0.0,0.0,0.0,0.0,2.11
0.1,0.2,0.0,0.5,0.0,0.521,0.0,0.36,0.0,0.1,0.0,0.01,0.0,0.0,0.0,0.0,0.0,0.0,4.89
0.51,0.0,0.21,0.0,1.04,0.0,0.0,0.0,0.0,0.0,0.0,0.0,0.0,0.0,0.0,0.0,0.0,0.0,2.21
0.0,0.16,0.5,0.0,0.1,0.0,0.41,0.0,0.1,0.0,0.004,0.0,0.0,0.0,0.0,0.0,0.0,0.0,2.58
0.0,0.0,0.55,0.0,0.0,0.32,0.0,0.08,0.0,0.0,0.0,0.0,0.0,0.0,0.0,0.0,0.0,0.0,0.59
0.27,0.0,0.0,0.1,0.0,0.2,0.0,0.0,0.0,0.0,0.0,0.0,0.0,0.0,0.0,0.0,0.0,0.0,0.89
0.0,0.232,0.2,0.0,0.0,0.0,0.0,0.0,0.0,0.0,0.05,0.0,0.0,0.0,0.0,0.0,0.0,0.0,2.65
0.2,0.0,0.1,0.0,0.656,0.516,0.0,0.1,0.0,0.0,0.0,0.0,0.0,0.0,0.0,0.0,0.0,0.0,2.88
